Rk,Player,Nation,Pos,Squad,Age,Born,Playing Time_MP,Playing Time_Min,Playing Time_Mn/MP,Playing Time_Min%,Playing Time_90s,Starts_Starts,Starts_Mn/Start,Starts_Compl,Subs_Subs,Subs_Mn/Sub,Subs_unSub,Team Success_PPM,Team Success_onG,Team Success_onGA,Team Success_+/-,Team Success_+/-90,Team Success_On-Off,Matches
1,Brenden Aaronson,us USA,"MF,FW",Leeds United,25-205,2000.0,35,2301.0,66.0,71.0,25.6,28,77.0,2,7,21.0,1,1.17,35.0,29.0,6.0,0.23,1.29,Matches
2,Jerome Abbey,eng ENG,MF,Wolves,16-241,2009.0,0,,,,,0,,0,0,,1,,,,,,,Matches
3,Zach Abbott,eng ENG,DF,Nottingham Forest,20-002,2006.0,3,164.0,55.0,5.1,1.8,2,60.0,0,1,45.0,11,1.0,2.0,4.0,-2.0,-1.1,-1.1,Matches
4,Tammy Abraham,eng ENG,FW,Aston Villa,28-225,1997.0,12,286.0,24.0,8.8,3.2,2,75.0,1,10,14.0,1,1.0,4.0,8.0,-4.0,-1.26,-1.5,Matches
5,Joshua Acheampong,eng ENG,DF,Chelsea,20-010,2006.0,15,587.0,39.0,18.1,6.5,7,71.0,1,8,11.0,18,1.13,8.0,12.0,-4.0,-0.61,-0.95,Matches
6,Tyler Adams,us USA,MF,Bournemouth,27-090,1999.0,23,1593.0,69.0,49.2,17.7,19,78.0,8,4,28.0,1,1.57,23.0,26.0,-3.0,-0.17,-0.55,Matches
7,Tosin Adarabioyo,eng ENG,DF,Chelsea,28-233,1997.0,16,795.0,50.0,24.5,8.8,8,80.0,6,8,19.0,12,1.44,16.0,14.0,2.0,0.23,0.08,Matches
8,Simon Adingra,ci CIV,"MF,FW",Sunderland,24-134,2002.0,14,653.0,47.0,20.2,7.3,9,64.0,0,5,16.0,8,1.07,6.0,8.0,-2.0,-0.28,-0.03,Matches
9,Amine Adli,ma MAR,MF,Bournemouth,26-005,2000.0,30,1075.0,36.0,33.2,11.9,10,73.0,2,20,17.0,5,1.5,18.0,17.0,1.0,0.08,-0.04,Matches
10,Emmanuel Agbadou,ci CIV,DF,Wolves,28-332,1997.0,14,1101.0,79.0,34.0,12.2,12,85.0,11,2,38.0,4,0.14,6.0,27.0,-21.0,-1.72,-0.88,Matches
11,Nayef Aguerd,ma MAR,DF,West Ham United,30-046,1996.0,2,180.0,90.0,5.6,2.0,2,90.0,2,0,,0,0.0,1.0,8.0,-7.0,-3.5,-3.12,Matches
12,Enock Agyei,be BEL,FW,Burnley,21-122,2005.0,0,,,,,0,,0,0,,1,,,,,,,Matches
13,Ola Aina,ng NGA,DF,Nottingham Forest,29-219,1996.0,18,1588.0,88.0,49.0,17.6,18,88.0,15,0,,0,1.39,27.0,19.0,8.0,0.45,1.0,Matches
14,Rayan Aït-Nouri,dz ALG,DF,Manchester City,24-343,2001.0,16,960.0,60.0,29.6,10.7,12,77.0,7,4,10.0,9,2.06,23.0,9.0,14.0,1.31,0.17,Matches
15,Kristoffer Ajer,no NOR,DF,Brentford,28-028,1998.0,26,1729.0,67.0,53.4,19.2,19,84.0,13,7,20.0,8,1.38,28.0,30.0,-2.0,-0.1,-0.4,Matches
16,Manuel Akanji,ch SUI,"DF,MF",Manchester City,30-300,1995.0,0,,,,,0,,0,0,,2,,,,,,,Matches
17,Nathan Aké,nl NED,DF,Manchester City,31-086,1995.0,17,619.0,36.0,19.1,6.9,5,86.0,4,12,16.0,17,2.18,9.0,7.0,2.0,0.29,-1.12,Matches
18,Yusuf Akhamrich,eng ENG,MF,Tottenham Hotspur,20-252,2005.0,0,,,,,0,,0,0,,1,,,,,,,Matches
19,Adedamola Alabi,eng ENG,MF,Newcastle United,16-310,2009.0,0,,,,,0,,0,0,,2,,,,,,,Matches
20,Carlos Alcaraz,ar ARG,MF,Everton,23-166,2002.0,19,682.0,36.0,21.0,7.6,6,75.0,0,13,18.0,7,1.21,8.0,10.0,-2.0,-0.26,-0.33,Matches
21,Omar Alderete,py PAR,DF,Sunderland,29-140,1996.0,32,2776.0,87.0,85.7,30.8,31,88.0,27,1,38.0,1,1.34,30.0,40.0,-10.0,-0.32,-0.52,Matches
22,Milan Aleksić,rs SRB,FW,Sunderland,20-258,2005.0,0,,,,,0,,0,0,,2,,,,,,,Matches
23,Alisson,br BRA,GK,Liverpool,33-225,1992.0,25,2250.0,90.0,69.4,25.0,25,90.0,25,0,,0,1.84,43.0,30.0,13.0,0.52,0.61,Matches
24,Max Alleyne,eng ENG,DF,Manchester City,20-298,2005.0,2,135.0,68.0,4.2,1.5,2,68.0,1,0,,4,0.5,1.0,1.0,0.0,0.0,-1.25,Matches
25,Edson Álvarez,mx MEX,"DF,MF",West Ham United,28-203,1997.0,0,,,,,0,,0,0,,1,,,,,,,Matches
26,Jaydon Amauri Banel,nl NED,"FW,MF",Burnley,21-208,2004.0,1,10.0,10.0,0.3,0.1,0,,0,1,10.0,1,0.0,0.0,0.0,0.0,0.0,1.0,Matches
27,Zeki Amdouni,ch SUI,"FW,MF",Burnley,25-162,2000.0,2,27.0,14.0,0.8,0.3,0,,0,2,14.0,0,0.5,0.0,0.0,0.0,0.0,1.01,Matches
28,Samuel Amissah,eng ENG,DF,Fulham,19-069,2007.0,0,,,,,0,,0,0,,5,,,,,,,Matches
29,Ethan Ampadu,wls WAL,MF,Leeds United,25-243,2000.0,33,2939.0,89.0,90.7,32.7,33,89.0,29,0,,0,1.27,44.0,46.0,-2.0,-0.06,0.84,Matches
30,Joachim Andersen,dk DEN,DF,Fulham,29-349,1996.0,33,2875.0,87.0,88.7,31.9,33,87.0,31,0,,1,1.36,41.0,44.0,-3.0,-0.09,0.65,Matches
31,Elliot Anderson,eng ENG,MF,Nottingham Forest,23-190,2002.0,36,3177.0,88.0,98.1,35.3,35,89.0,32,1,45.0,0,1.19,43.0,46.0,-3.0,-0.08,-1.51,Matches
32,André,br BRA,MF,Wolves,24-303,2001.0,33,2582.0,78.0,79.7,28.7,28,86.0,22,5,34.0,0,0.48,17.0,51.0,-34.0,-1.19,-0.23,Matches
33,Nilson Angulo,ec ECU,MF,Sunderland,22-330,2003.0,6,268.0,45.0,8.3,3.0,3,78.0,0,3,11.0,0,0.83,1.0,4.0,-3.0,-1.01,-0.83,Matches
34,Andre Annous,eng ENG,FW,Arsenal,18-138,2007.0,0,,,,,0,,0,0,,2,,,,,,,Matches
35,Jaidon Anthony,eng ENG,MF,Burnley,26-165,1999.0,35,2548.0,73.0,78.6,28.3,30,82.0,12,5,17.0,1,0.6,29.0,57.0,-28.0,-0.99,0.05,Matches
36,Julian Araujo,mx MEX,DF,Bournemouth,24-275,2001.0,0,,,,,0,,0,0,,8,,,,,,,Matches
37,Alphonse Areola,fr FRA,GK,West Ham United,33-077,1993.0,20,1800.0,90.0,55.6,20.0,20,90.0,20,0,,16,0.85,25.0,37.0,-12.0,-0.6,-0.1,Matches
38,Jhon Arias,co COL,"FW,MF",Wolves,28-236,1997.0,23,1124.0,49.0,34.7,12.5,14,71.0,2,9,15.0,1,0.35,11.0,21.0,-10.0,-0.8,0.52,Matches
39,Adam Armstrong,eng ENG,"FW,MF",Wolves,29-094,1997.0,12,996.0,83.0,30.7,11.1,12,83.0,7,0,,0,0.83,7.0,18.0,-11.0,-0.99,0.21,Matches
40,Harrison Armstrong,eng ENG,MF,Everton,19-116,2007.0,12,500.0,42.0,15.4,5.6,6,73.0,1,6,10.0,6,1.33,4.0,11.0,-7.0,-1.26,-1.49,Matches
41,Tolu Arokodare,ng NGA,FW,Wolves,25-173,2000.0,31,1375.0,44.0,42.4,15.3,13,82.0,7,18,17.0,2,0.58,16.0,28.0,-12.0,-0.79,0.61,Matches
42,Kepa Arrizabalaga,es ESP,GK,Arsenal,31-224,1994.0,0,,,,,0,,0,0,,36,,,,,,,Matches
43,Benjamin Arthur,eng ENG,DF,Brentford,20-218,2005.0,0,,,,,0,,0,0,,2,,,,,,,Matches
44,Brandon Austin,eng ENG,GK,Tottenham Hotspur,27-127,1999.0,0,,,,,0,,0,0,,10,,,,,,,Matches
45,Taiwo Awoniyi,ng NGA,FW,Nottingham Forest,28-276,1997.0,15,444.0,30.0,13.7,4.9,3,69.0,1,12,20.0,8,1.27,8.0,3.0,5.0,1.01,1.24,Matches
46,Yasin Ayari,se SWE,MF,Brighton,22-221,2003.0,28,1920.0,69.0,59.3,21.3,20,86.0,15,8,24.0,2,1.61,32.0,23.0,9.0,0.42,0.35,Matches
47,Adam Aznou,ma MAR,DF,Everton,19-347,2006.0,0,,,,,0,,0,0,,21,,,,,,,Matches
48,Benoît Badiashile,fr FRA,DF,Chelsea,25-050,2001.0,8,471.0,59.0,14.5,5.2,6,69.0,3,2,29.0,11,1.63,7.0,10.0,-3.0,-0.57,-0.87,Matches
49,Leon Bailey,jm JAM,MF,Aston Villa,28-279,1997.0,12,369.0,31.0,11.4,4.1,2,61.0,0,10,25.0,2,1.0,6.0,8.0,-2.0,-0.49,-0.68,Matches
50,Dilane Bakwa,fr FRA,MF,Nottingham Forest,23-262,2002.0,13,532.0,41.0,16.4,5.9,6,64.0,0,7,21.0,7,0.85,7.0,9.0,-2.0,-0.34,-0.34,Matches
51,Ellery Balcombe,eng ENG,GK,Brentford,26-212,1999.0,0,,,,,0,,0,0,,1,,,,,,,Matches
52,Carlos Baleba,cm CMR,MF,Brighton,22-132,2004.0,29,1539.0,53.0,47.5,17.1,22,66.0,3,7,13.0,1,1.48,20.0,20.0,0.0,0.0,-0.53,Matches
53,Daniel Ballard,nir NIR,DF,Sunderland,26-235,1999.0,29,2149.0,74.0,66.3,23.9,24,82.0,20,5,35.0,0,1.21,29.0,34.0,-5.0,-0.21,0.12,Matches
54,Ross Barkley,eng ENG,MF,Aston Villa,32-161,1993.0,19,727.0,38.0,22.4,8.1,6,76.0,0,13,21.0,1,1.63,13.0,12.0,1.0,0.12,0.02,Matches
55,Ashley Barnes,eng ENG,"FW,MF",Burnley,36-197,1989.0,6,40.0,7.0,1.2,0.4,0,,0,6,7.0,10,0.71,2.0,4.0,-2.0,-4.5,-3.54,Matches
56,Harvey Barnes,eng ENG,"FW,MF",Newcastle United,28-157,1997.0,35,1847.0,53.0,57.0,20.5,18,80.0,7,17,24.0,1,1.23,32.0,29.0,3.0,0.15,0.47,Matches
57,Thierno Barry,fr FRA,FW,Everton,23-206,2002.0,36,1813.0,50.0,56.0,20.1,20,75.0,3,16,19.0,0,1.36,24.0,31.0,-7.0,-0.35,-0.79,Matches
58,Calvin Bassey,ng NGA,DF,Fulham,26-135,1999.0,28,2354.0,84.0,72.7,26.2,26,90.0,26,2,7.0,2,1.21,33.0,39.0,-6.0,-0.23,-0.23,Matches
59,Callum Bates,eng ENG,MF,Everton,20-229,2005.0,0,,,,,0,,0,0,,1,,,,,,,Matches
60,Altay Bayındır,tr TUR,GK,Manchester Utd,28-031,1998.0,6,540.0,90.0,16.7,6.0,6,90.0,6,0,,30,1.17,7.0,11.0,-4.0,-0.67,-1.3,Matches
61,Jean-Ricner Bellegarde,ht HAI,"MF,FW",Wolves,27-322,1998.0,25,1236.0,49.0,38.1,13.7,15,68.0,1,10,22.0,2,0.44,10.0,30.0,-20.0,-1.46,-0.51,Matches
62,Dean Benamar,eng ENG,DF,Crystal Palace,17-349,2008.0,0,,,,,0,,0,0,,4,,,,,,,Matches
63,Walter Benítez,ar ARG,GK,Crystal Palace,33-116,1993.0,1,90.0,90.0,2.8,1.0,1,90.0,1,0,,33,1.0,0.0,0.0,0.0,0.0,0.26,Matches
64,Rodrigo Bentancur,uy URU,MF,Tottenham Hotspur,28-324,1997.0,24,1712.0,71.0,52.8,19.0,21,79.0,10,3,21.0,1,1.33,26.0,23.0,3.0,0.16,0.86,Matches
65,Daniel Bentley,eng ENG,GK,Wolves,32-306,1993.0,3,270.0,90.0,8.3,3.0,3,90.0,3,0,,4,0.33,1.0,7.0,-6.0,-2.0,-0.94,Matches
66,Luka Bentt,be BEL,MF,Brentford,18-226,2007.0,0,,,,,0,,0,0,,8,,,,,,,Matches
67,Sander Berge,no NOR,MF,Fulham,28-090,1998.0,33,2770.0,84.0,85.5,30.8,32,86.0,24,1,17.0,2,1.42,40.0,44.0,-4.0,-0.13,0.25,Matches
68,Lucas Bergvall,se SWE,MF,Tottenham Hotspur,20-102,2006.0,23,965.0,42.0,29.8,10.7,11,66.0,0,12,20.0,3,1.17,14.0,18.0,-4.0,-0.37,-0.18,Matches
69,Beto,gw GNB,FW,Everton,28-104,1998.0,35,1489.0,43.0,46.0,16.5,16,71.0,1,19,18.0,0,1.4,24.0,18.0,6.0,0.36,0.67,Matches
70,Marcus Bettinelli,eng ENG,GK,Manchester City,33-356,1992.0,0,,,,,0,,0,0,,1,,,,,,,Matches
71,Jaka Bijol,si SVN,DF,Leeds United,27-099,1999.0,23,1731.0,75.0,53.4,19.2,19,86.0,15,4,25.0,9,1.26,28.0,25.0,3.0,0.16,0.63,Matches
72,Philip Billing,dk DEN,MF,Bournemouth,29-338,1996.0,0,,,,,0,,0,0,,1,,,,,,,Matches
73,Yves Bissouma,ml MLI,MF,Tottenham Hotspur,29-258,1996.0,11,603.0,55.0,18.6,6.7,7,68.0,1,4,32.0,2,0.82,6.0,17.0,-11.0,-1.64,-1.71,Matches
74,Marco Bizot,nl NED,GK,Aston Villa,35-066,1991.0,6,495.0,83.0,15.3,5.5,5,90.0,5,1,45.0,29,1.5,8.0,9.0,-1.0,-0.18,-0.35,Matches
75,Oscar Bobb,no NOR,"MF,FW",Manchester City,22-307,2003.0,9,468.0,52.0,14.4,5.2,5,78.0,2,4,20.0,4,1.67,10.0,5.0,5.0,0.96,-0.27,Matches
76,Oscar Bobb,no NOR,MF,Fulham,22-307,2003.0,12,422.0,35.0,13.0,4.7,4,59.0,0,8,23.0,0,1.17,5.0,6.0,-1.0,-0.21,-0.05,Matches
77,Lamare Bogarde,nl NED,"MF,DF",Aston Villa,22-130,2004.0,27,981.0,36.0,30.3,10.9,10,80.0,4,17,11.0,9,1.56,14.0,16.0,-2.0,-0.18,-0.42,Matches
78,Jayden Bogle,eng ENG,"MF,DF",Leeds United,25-292,2000.0,33,2716.0,82.0,83.8,30.2,31,86.0,18,2,27.0,0,1.27,38.0,43.0,-5.0,-0.17,-0.17,Matches
79,Willy Boly,ci CIV,DF,Nottingham Forest,35-101,1991.0,0,,,,,0,,0,0,,8,,,,,,,Matches
80,Sebastiaan Bornauw,be BEL,DF,Leeds United,27-054,1999.0,10,339.0,34.0,10.5,3.8,4,75.0,0,6,7.0,18,1.5,4.0,4.0,0.0,0.0,0.16,Matches
81,Olivier Boscagli,fr FRA,DF,Brighton,28-178,1997.0,12,802.0,67.0,24.8,8.9,9,85.0,7,3,13.0,24,1.08,11.0,10.0,1.0,0.11,-0.22,Matches
82,Sven Botman,nl NED,DF,Newcastle United,26-123,2000.0,23,1655.0,72.0,51.1,18.4,19,84.0,15,4,15.0,5,1.35,22.0,24.0,-2.0,-0.11,-0.11,Matches
83,Jarrod Bowen,eng ENG,"MF,FW",West Ham United,29-146,1996.0,36,3223.0,90.0,99.5,35.8,36,90.0,30,0,,0,1.0,41.0,60.0,-19.0,-0.53,4.76,Matches
84,Conor Bradley,nir NIR,DF,Liverpool,22-310,2003.0,15,929.0,62.0,28.7,10.3,12,70.0,3,3,29.0,1,1.47,11.0,13.0,-2.0,-0.19,-0.74,Matches
85,Jarrad Branthwaite,eng ENG,DF,Everton,23-322,2002.0,10,680.0,68.0,21.0,7.6,7,88.0,4,3,21.0,0,1.5,10.0,9.0,1.0,0.13,0.17,Matches
86,George Brierley,eng ENG,MF,Burnley,18-176,2007.0,0,,,,,0,,0,0,,1,,,,,,,Matches
87,Brian Brobbey,nl NED,FW,Sunderland,24-103,2002.0,29,1791.0,62.0,55.3,19.9,20,79.0,6,9,22.0,2,1.17,17.0,28.0,-11.0,-0.55,-0.68,Matches
88,Benjamin Broggio,eng ENG,MF,Aston Villa,19-106,2007.0,0,,,,,0,,0,0,,1,,,,,,,Matches
89,Armando Broja,al ALB,FW,Burnley,24-247,2001.0,24,860.0,36.0,26.5,9.6,8,79.0,2,16,14.0,5,0.25,11.0,27.0,-16.0,-1.67,-0.92,Matches
90,Alfie Brooks,rs SRB,GK,Wolves,22-212,2003.0,0,,,,,0,,0,0,,1,,,,,,,Matches
91,David Brooks,wls WAL,MF,Bournemouth,28-311,1997.0,30,1197.0,40.0,36.9,13.3,13,67.0,0,17,19.0,1,1.53,21.0,19.0,2.0,0.15,0.06,Matches
92,Jacob Bruun Larsen,dk DEN,"MF,FW",Burnley,27-238,1998.0,26,1015.0,39.0,31.3,11.3,10,67.0,0,16,22.0,4,0.62,12.0,29.0,-17.0,-1.51,-0.74,Matches
93,Emi Buendía,ar ARG,MF,Aston Villa,29-141,1996.0,34,1581.0,47.0,48.8,17.6,19,66.0,2,15,22.0,1,1.71,16.0,22.0,-6.0,-0.34,-0.88,Matches
94,Hugo Bueno,es ESP,"MF,DF",Wolves,23-239,2002.0,33,2343.0,71.0,72.3,26.0,26,84.0,17,7,23.0,0,0.55,20.0,44.0,-24.0,-0.92,0.78,Matches
95,Santiago Bueno,uy URU,DF,Wolves,27-187,1998.0,27,2373.0,88.0,73.2,26.4,26,90.0,25,1,35.0,8,0.63,21.0,45.0,-24.0,-0.91,0.85,Matches
96,Facundo Buonanotte,ar ARG,MF,Chelsea,21-143,2004.0,1,45.0,45.0,1.4,0.5,1,45.0,0,0,,4,1.0,0.0,1.0,-1.0,-2.0,-2.2,Matches
97,Facundo Buonanotte,ar ARG,MF,Leeds United,21-143,2004.0,2,26.0,13.0,0.8,0.3,0,,0,2,13.0,5,0.5,0.0,1.0,-1.0,-3.46,-3.35,Matches
98,Dan Burn,eng ENG,DF,Newcastle United,34-006,1992.0,27,2100.0,78.0,64.8,23.3,24,86.0,21,3,12.0,2,1.19,32.0,32.0,0.0,0.0,0.16,Matches
99,Bradley Burrowes,eng ENG,MF,Aston Villa,18-072,2008.0,1,17.0,17.0,0.5,0.2,0,,0,1,17.0,2,0.0,0.0,1.0,-1.0,-5.29,-5.43,Matches
100,Jun'ai Byfield,eng ENG,DF,Tottenham Hotspur,17-160,2008.0,1,1.0,1.0,0.0,0.0,0,,0,1,1.0,5,1.0,0.0,0.0,0.0,0.0,0.25,Matches
101,Sam Byram,eng ENG,"DF,MF",Leeds United,32-241,1993.0,1,8.0,8.0,0.2,0.1,0,,0,1,8.0,15,0.0,0.0,1.0,-1.0,-11.25,-11.14,Matches
102,Moisés Caicedo,ec ECU,MF,Chelsea,24-194,2001.0,31,2621.0,85.0,80.9,29.1,30,86.0,25,1,45.0,1,1.32,48.0,43.0,5.0,0.17,0.03,Matches
103,Tom Cairney,sct SCO,MF,Fulham,35-115,1991.0,23,744.0,32.0,23.0,8.3,6,71.0,0,17,19.0,11,1.39,12.0,10.0,2.0,0.24,0.53,Matches
104,Riccardo Calafiori,it ITA,DF,Arsenal,23-361,2002.0,24,1583.0,66.0,48.9,17.6,20,76.0,7,4,14.0,2,2.33,30.0,8.0,22.0,1.25,0.16,Matches
105,Dominic Calvert-Lewin,eng ENG,FW,Leeds United,29-060,1997.0,33,2563.0,78.0,79.1,28.5,28,87.0,16,5,25.0,0,1.21,41.0,33.0,8.0,0.28,2.01,Matches
106,Elijah Campbell,eng ENG,DF,Everton,21-286,2004.0,0,,,,,0,,0,0,,11,,,,,,,Matches
107,Jaydee Canvot,fr FRA,DF,Crystal Palace,19-290,2006.0,19,1246.0,66.0,38.5,13.8,13,87.0,11,6,19.0,13,1.42,11.0,21.0,-10.0,-0.72,-0.77,Matches
108,Rio Cardines,tt TRI,MF,Crystal Palace,19-318,2006.0,0,,,,,0,,0,0,,12,,,,,,,Matches
109,Theodore Carroll,eng ENG,MF,Aston Villa,19-054,2007.0,0,,,,,0,,0,0,,1,,,,,,,Matches
110,Fabio Carvalho,pt POR,MF,Brentford,23-258,2002.0,6,102.0,17.0,3.1,1.1,1,90.0,1,5,2.0,4,0.17,2.0,4.0,-2.0,-1.76,-1.91,Matches
111,Casemiro,br BRA,MF,Manchester Utd,34-081,1992.0,33,2491.0,75.0,76.9,27.7,32,78.0,13,1,11.0,0,1.94,52.0,29.0,23.0,0.83,1.79,Matches
112,Ben Casey,eng ENG,FW,Crystal Palace,18-166,2007.0,0,,,,,0,,0,0,,2,,,,,,,Matches
113,Matty Cash,pl POL,DF,Aston Villa,28-281,1997.0,33,2879.0,87.0,88.9,32.0,33,87.0,25,0,,0,1.7,45.0,36.0,9.0,0.28,1.53,Matches
114,Timothy Castagne,be BEL,"DF,MF",Fulham,30-161,1995.0,28,1665.0,59.0,51.4,18.5,18,86.0,14,10,12.0,8,1.14,22.0,31.0,-9.0,-0.49,-0.66,Matches
115,Valentín Castellanos,ar ARG,FW,West Ham United,27-224,1998.0,16,1232.0,77.0,38.0,13.7,16,77.0,3,0,,0,1.38,18.0,15.0,3.0,0.22,1.25,Matches
116,Rhys Chadwick-Chaplin,eng ENG,MF,Leeds United,19-085,2007.0,0,,,,,0,,0,0,,1,,,,,,,Matches
117,Trevoh Chalobah,eng ENG,DF,Chelsea,26-314,1999.0,32,2740.0,86.0,84.6,30.4,31,88.0,29,1,10.0,1,1.41,52.0,37.0,15.0,0.49,2.11,Matches
118,Samuel Chambers,eng ENG,MF,Leeds United,18-270,2007.0,0,,,,,0,,0,0,,1,,,,,,,Matches
119,Rayan Cherki,fr FRA,MF,Manchester City,22-271,2003.0,31,1718.0,55.0,53.0,19.1,19,77.0,5,12,21.0,1,2.16,39.0,18.0,21.0,1.1,-0.2,Matches
120,Youssef Chermiti,pt POR,FW,Everton,21-356,2004.0,0,,,,,0,,0,0,,2,,,,,,,Matches
121,Federico Chiesa,it ITA,MF,Liverpool,28-202,1997.0,25,314.0,13.0,9.7,3.5,1,60.0,0,24,11.0,9,1.44,14.0,7.0,7.0,2.01,1.85,Matches
122,Tawanda Chirewa,zw ZIM,MF,Wolves,22-215,2003.0,2,27.0,14.0,0.8,0.3,0,,0,2,14.0,5,1.5,0.0,0.0,0.0,0.0,1.15,Matches
123,Ryan Christie,sct SCO,MF,Bournemouth,31-082,1995.0,26,993.0,38.0,30.6,11.0,9,65.0,0,17,24.0,1,1.77,16.0,14.0,2.0,0.18,0.1,Matches
124,Samuel Chukwueze,ng NGA,MF,Fulham,26-358,1999.0,22,1067.0,49.0,32.9,11.9,10,75.0,2,12,27.0,1,1.18,18.0,21.0,-3.0,-0.25,-0.13,Matches
125,Dennis Cirkin,lv LVA,DF,Sunderland,24-039,2002.0,8,323.0,40.0,10.0,3.6,3,79.0,2,5,17.0,9,0.88,2.0,2.0,0.0,0.0,0.28,Matches
126,Nathaniel Clyne,eng ENG,MF,Crystal Palace,35-040,1991.0,9,504.0,56.0,15.6,5.6,6,69.0,0,3,30.0,23,1.11,5.0,10.0,-5.0,-0.89,-0.76,Matches
127,Séamus Coleman,ie IRL,DF,Everton,37-216,1988.0,3,11.0,4.0,0.3,0.1,1,9.0,0,2,1.0,19,3.0,0.0,0.0,0.0,0.0,0.0,Matches
128,Nathan Collins,ie IRL,DF,Brentford,25-015,2001.0,33,2795.0,85.0,86.3,31.1,30,90.0,30,3,32.0,3,1.33,43.0,41.0,2.0,0.06,-0.14,Matches
129,Levi Colwill,eng ENG,DF,Chelsea,23-078,2003.0,2,135.0,68.0,4.2,1.5,1,90.0,1,1,45.0,0,0.5,2.0,2.0,0.0,0.0,-0.17,Matches
130,Lewis Cook,eng ENG,"MF,DF",Bournemouth,29-101,1997.0,16,872.0,55.0,26.9,9.7,8,90.0,8,8,19.0,1,1.44,15.0,17.0,-2.0,-0.21,-0.43,Matches
131,Diego Coppola,it ITA,DF,Brighton,22-138,2003.0,5,194.0,39.0,6.0,2.2,2,88.0,1,3,6.0,17,1.6,1.0,3.0,-2.0,-0.93,-1.28,Matches
132,Marc Cucurella,es ESP,DF,Chelsea,27-297,1998.0,32,2527.0,79.0,78.0,28.1,29,84.0,24,3,34.0,0,1.44,43.0,34.0,9.0,0.32,0.7,Matches
133,Jorge Cuenca,es ESP,DF,Fulham,26-179,1999.0,14,933.0,67.0,28.8,10.4,11,84.0,7,3,3.0,15,1.71,9.0,11.0,-2.0,-0.19,-0.04,Matches
134,Josh Cullen,ie IRL,MF,Burnley,30-038,1996.0,18,1514.0,84.0,46.7,16.8,18,84.0,12,0,,0,0.67,18.0,29.0,-11.0,-0.65,0.65,Matches
135,Jair Cunha,br BRA,DF,Nottingham Forest,21-069,2005.0,7,448.0,64.0,13.8,5.0,5,73.0,3,2,42.0,14,1.57,13.0,6.0,7.0,1.41,1.7,Matches
136,Matheus Cunha,br BRA,"MF,FW",Manchester Utd,26-353,1999.0,32,2415.0,75.0,74.5,26.8,28,83.0,16,4,24.0,0,1.84,45.0,33.0,12.0,0.45,0.12,Matches
137,Malcom Dacosta,ec ECU,MF,Bournemouth,18-028,2008.0,0,,,,,0,,0,0,,6,,,,,,,Matches
138,Diogo Dalot,pt POR,"DF,MF",Manchester Utd,27-058,1999.0,33,2524.0,76.0,77.9,28.0,28,85.0,21,5,27.0,1,1.85,55.0,38.0,17.0,0.61,0.86,Matches
139,Mikkel Damsgaard,dk DEN,MF,Brentford,25-316,2000.0,31,1956.0,63.0,60.4,21.7,23,77.0,8,8,22.0,2,1.45,35.0,30.0,5.0,0.23,0.37,Matches
140,Kevin Danso,at AUT,DF,Tottenham Hotspur,27-238,1998.0,22,1314.0,60.0,40.6,14.6,15,84.0,12,7,8.0,10,1.36,18.0,24.0,-6.0,-0.41,-0.27,Matches
141,Karl Darlow,wls WAL,GK,Leeds United,35-219,1990.0,20,1800.0,90.0,55.6,20.0,20,90.0,20,0,,15,1.3,25.0,24.0,1.0,0.05,0.42,Matches
142,Josh Dasilva,eng ENG,MF,Brentford,27-204,1998.0,1,1.0,1.0,0.0,0.0,0,,0,1,1.0,2,3.0,0.0,0.0,0.0,0.0,-0.08,Matches
143,Ben Davies,wls WAL,DF,Tottenham Hotspur,33-021,1993.0,3,137.0,46.0,4.2,1.5,2,53.0,0,1,32.0,11,0.33,1.0,3.0,-2.0,-1.31,-1.11,Matches
144,Maxim De Cuyper,be BEL,"DF,MF",Brighton,25-144,2000.0,28,1280.0,46.0,39.5,14.2,15,70.0,4,13,18.0,6,1.5,21.0,20.0,1.0,0.07,-0.34,Matches
145,Liam Delap,eng ENG,FW,Chelsea,23-096,2003.0,26,1013.0,39.0,31.3,11.3,11,66.0,3,15,19.0,1,1.31,17.0,17.0,0.0,0.0,-0.24,Matches
146,Sepp van den Berg,nl NED,DF,Brentford,24-146,2001.0,30,2664.0,89.0,82.2,29.6,29,90.0,29,1,54.0,5,1.37,41.0,40.0,1.0,0.03,-0.28,Matches
147,Will Dennis,eng ENG,GK,Bournemouth,25-309,2000.0,0,,,,,0,,0,0,,19,,,,,,,Matches
148,Jesse Derry,eng ENG,MF,Chelsea,18-319,2007.0,1,44.0,44.0,1.4,0.5,1,44.0,0,0,,1,0.0,0.0,2.0,-2.0,-4.09,-4.32,Matches
149,Justin Devenny,nir NIR,"MF,FW",Crystal Palace,22-216,2003.0,20,706.0,35.0,21.8,7.8,6,83.0,2,14,15.0,14,1.35,6.0,13.0,-7.0,-0.89,-0.82,Matches
150,Kiernan Dewsbury-Hall,eng ENG,MF,Everton,27-251,1998.0,29,2453.0,85.0,75.7,27.3,28,86.0,17,1,45.0,0,1.31,37.0,35.0,2.0,0.07,0.3,Matches
151,Bafodé Diakité,fr FRA,DF,Bournemouth,25-129,2001.0,18,1277.0,71.0,39.4,14.2,15,84.0,13,3,6.0,17,1.28,21.0,27.0,-6.0,-0.42,-0.88,Matches
152,Amad Diallo,ci CIV,MF,Manchester Utd,23-308,2002.0,30,2161.0,72.0,66.7,24.0,25,82.0,15,5,25.0,0,1.97,46.0,31.0,15.0,0.62,0.62,Matches
153,Habib Diarra,sn SEN,MF,Sunderland,22-132,2004.0,18,1361.0,76.0,42.0,15.1,15,85.0,8,3,30.0,1,1.22,15.0,19.0,-4.0,-0.26,-0.03,Matches
154,Rúben Dias,pt POR,DF,Manchester City,29-001,1997.0,25,2051.0,82.0,63.3,22.8,23,88.0,21,2,18.0,3,2.2,53.0,20.0,33.0,1.45,0.69,Matches
155,Tyler Dibling,eng ENG,MF,Everton,20-064,2006.0,14,358.0,26.0,11.0,4.0,4,67.0,1,10,9.0,20,1.14,4.0,2.0,2.0,0.5,0.57,Matches
156,Lucas Digne,fr FRA,DF,Aston Villa,32-299,1993.0,30,1762.0,59.0,54.4,19.6,20,80.0,9,10,16.0,6,1.73,25.0,21.0,4.0,0.2,0.2,Matches
157,Issa Diop,ma MAR,DF,Fulham,29-126,1997.0,11,641.0,58.0,19.8,7.1,6,89.0,5,5,21.0,12,1.18,8.0,12.0,-4.0,-0.56,-0.49,Matches
158,El Hadji Malick Diouf,sn SEN,"DF,MF",West Ham United,21-138,2004.0,30,2527.0,84.0,78.0,28.1,28,88.0,22,2,33.0,0,1.07,34.0,44.0,-10.0,-0.36,0.91,Matches
159,Axel Disasi,fr FRA,DF,West Ham United,28-065,1998.0,12,1074.0,90.0,33.1,11.9,12,90.0,11,0,,0,1.33,13.0,14.0,-1.0,-0.08,0.71,Matches
160,Matt Doherty,ie IRL,"DF,MF",Wolves,34-119,1992.0,11,787.0,72.0,24.3,8.7,11,72.0,3,0,,15,0.45,2.0,15.0,-13.0,-1.49,-0.46,Matches
161,Jeremy Doku,be BEL,"MF,FW",Manchester City,23-353,2002.0,28,1695.0,61.0,52.3,18.8,18,80.0,5,10,26.0,1,1.96,43.0,17.0,26.0,1.38,0.39,Matches
162,Nicolás Domínguez,ar ARG,MF,Nottingham Forest,27-321,1998.0,25,1080.0,43.0,33.3,12.0,16,60.0,1,9,14.0,4,1.32,14.0,17.0,-3.0,-0.25,-0.29,Matches
163,Gianluigi Donnarumma,it ITA,GK,Manchester City,27-079,1999.0,33,2970.0,90.0,91.7,33.0,33,90.0,33,0,,0,2.24,70.0,28.0,42.0,1.27,0.94,Matches
164,Romelle Donovan,eng ENG,FW,Brentford,19-166,2006.0,4,41.0,10.0,1.3,0.5,0,,0,4,10.0,18,1.5,2.0,0.0,2.0,4.39,4.36,Matches
165,Patrick Dorgu,dk DEN,MF,Manchester Utd,21-201,2004.0,24,1377.0,57.0,42.5,15.3,14,86.0,10,10,18.0,2,1.63,19.0,20.0,-1.0,-0.07,-0.84,Matches
166,Max Dowman,eng ENG,MF,Arsenal,16-135,2009.0,5,96.0,19.0,3.0,1.1,0,,0,5,19.0,10,1.8,3.0,1.0,2.0,1.87,0.73,Matches
167,Radu Drăgușin,ro ROU,DF,Tottenham Hotspur,24-101,2002.0,9,516.0,57.0,15.9,5.7,5,90.0,4,4,17.0,10,1.0,6.0,13.0,-7.0,-1.22,-1.15,Matches
168,Joél Drakes-Thomas,eng ENG,MF,Crystal Palace,16-340,2009.0,2,9.0,5.0,0.3,0.1,0,,0,2,5.0,4,0.0,1.0,1.0,0.0,0.0,0.25,Matches
169,Martin Dúbravka,sk SVK,GK,Burnley,37-120,1989.0,35,3150.0,90.0,97.2,35.0,35,90.0,35,0,,1,0.57,35.0,71.0,-36.0,-1.03,-1.03,Matches
170,Lewis Dunk,eng ENG,DF,Brighton,34-175,1991.0,31,2658.0,86.0,82.0,29.5,29,90.0,29,2,24.0,1,1.45,44.0,36.0,8.0,0.27,-0.04,Matches
171,George Earthy,eng ENG,MF,West Ham United,21-252,2004.0,1,9.0,9.0,0.3,0.1,0,,0,1,9.0,5,0.0,0.0,1.0,-1.0,-10.0,-9.47,Matches
172,Mathis Eboue,eng ENG,FW,Chelsea,17-077,2009.0,0,,,,,0,,0,0,,1,,,,,,,Matches
173,Ederson,br BRA,GK,Manchester City,32-271,1993.0,0,,,,,0,,0,0,,2,,,,,,,Matches
174,Odsonne Édouard,fr FRA,FW,Crystal Palace,28-119,1998.0,1,3.0,3.0,0.1,0.0,0,,0,1,3.0,1,1.0,0.0,0.0,0.0,0.0,0.25,Matches
175,Tom Edozie,eng ENG,MF,Wolves,19-362,2006.0,3,14.0,5.0,0.4,0.2,0,,0,3,5.0,6,0.67,1.0,0.0,1.0,6.43,7.6,Matches
176,Alysson Edward,br BRA,MF,Aston Villa,20-010,2006.0,3,49.0,16.0,1.5,0.5,0,,0,3,16.0,0,1.0,1.0,2.0,-1.0,-1.84,-1.98,Matches
177,Marcus Edwards,eng ENG,"MF,FW",Burnley,27-163,1998.0,22,1051.0,48.0,32.4,11.7,11,79.0,2,11,16.0,11,0.45,14.0,18.0,-4.0,-0.34,0.97,Matches
178,Hjalmar Ekdal,se SWE,DF,Burnley,27-206,1998.0,19,1539.0,81.0,47.5,17.1,17,89.0,15,2,9.0,13,0.53,13.0,34.0,-21.0,-1.23,-0.43,Matches
179,Hugo Ekitike,fr FRA,FW,Liverpool,23-329,2002.0,28,1803.0,64.0,55.6,20.0,21,77.0,6,7,26.0,1,1.68,35.0,25.0,10.0,0.5,0.37,Matches
180,Anthony Elanga,se SWE,"FW,MF",Newcastle United,24-018,2002.0,30,1288.0,43.0,39.8,14.3,14,70.0,2,16,19.0,2,1.1,20.0,27.0,-7.0,-0.49,-0.72,Matches
181,Melker Ellborg,se SWE,GK,Sunderland,22-358,2003.0,3,270.0,90.0,8.3,3.0,3,90.0,3,0,,9,2.0,3.0,2.0,1.0,0.33,0.64,Matches
182,Harvey Elliott,eng ENG,MF,Aston Villa,23-041,2003.0,4,112.0,28.0,3.5,1.2,1,45.0,0,3,22.0,4,1.25,2.0,2.0,0.0,0.0,-0.12,Matches
183,Harvey Elliott,eng ENG,"FW,MF",Liverpool,23-041,2003.0,1,1.0,1.0,0.0,0.0,0,,0,1,1.0,2,3.0,1.0,0.0,1.0,90.0,89.69,Matches
184,Landon Emenalo,eng ENG,DF,Chelsea,18-117,2008.0,0,,,,,0,,0,0,,1,,,,,,,Matches
185,Yunus Emre Konak,tr TUR,MF,Brentford,20-125,2006.0,0,,,,,0,,0,0,,3,,,,,,,Matches
186,Wataru Endo,jp JPN,DF,Liverpool,33-095,1993.0,8,175.0,22.0,5.4,1.9,1,68.0,0,7,15.0,11,2.0,6.0,5.0,1.0,0.51,0.19,Matches
187,Romain Esse,eng ENG,MF,Crystal Palace,21-002,2005.0,4,44.0,11.0,1.4,0.5,0,,0,4,11.0,11,0.5,0.0,0.0,0.0,0.0,0.25,Matches
188,Dario Essugo,pt POR,MF,Chelsea,21-062,2005.0,2,28.0,14.0,0.9,0.3,0,,0,2,14.0,6,0.0,0.0,1.0,-1.0,-3.21,-3.41,Matches
189,Maxime Estève,fr FRA,DF,Burnley,23-354,2002.0,33,2851.0,86.0,88.0,31.7,33,86.0,28,0,,0,0.58,34.0,69.0,-35.0,-1.1,-0.87,Matches
190,Evanilson,br BRA,FW,Bournemouth,26-221,1999.0,34,2582.0,76.0,79.7,28.7,30,81.0,9,4,36.0,0,1.5,41.0,39.0,2.0,0.07,-0.2,Matches
191,Eberechi Eze,eng ENG,"MF,FW",Arsenal,27-320,1998.0,30,1724.0,57.0,53.2,19.2,20,74.0,5,10,25.0,4,2.03,36.0,13.0,23.0,1.2,0.07,Matches
192,Eberechi Eze,eng ENG,MF,Crystal Palace,27-320,1998.0,1,83.0,83.0,2.6,0.9,1,83.0,0,0,,0,1.0,0.0,0.0,0.0,0.0,0.26,Matches
193,Łukasz Fabiański,pl POL,GK,West Ham United,41-027,1985.0,0,,,,,0,,0,0,,1,,,,,,,Matches
194,Romain Faivre,fr FRA,MF,Bournemouth,27-305,1998.0,0,,,,,0,,0,0,,1,,,,,,,Matches
195,Bruno Fernandes,pt POR,MF,Manchester Utd,31-249,1994.0,33,2883.0,87.0,89.0,32.0,33,87.0,27,0,,0,1.82,60.0,44.0,16.0,0.5,0.75,Matches
196,Mateus Fernandes,pt POR,MF,West Ham United,21-309,2004.0,34,2836.0,83.0,87.5,31.5,33,85.0,21,1,26.0,0,1.06,36.0,47.0,-11.0,-0.35,1.66,Matches
197,Enzo Fernández,ar ARG,MF,Chelsea,25-118,2001.0,34,2935.0,86.0,90.6,32.6,33,88.0,26,1,37.0,0,1.35,50.0,43.0,7.0,0.21,0.51,Matches
198,Zian Flemming,nl NED,FW,Burnley,27-287,1998.0,27,1595.0,59.0,49.2,17.7,19,79.0,5,8,13.0,3,0.67,22.0,33.0,-11.0,-0.62,0.75,Matches
199,Jack Fletcher,eng ENG,MF,Manchester Utd,19-057,2007.0,3,108.0,36.0,3.3,1.2,0,,0,3,36.0,5,1.33,0.0,0.0,0.0,0.0,-0.43,Matches
200,Tyler Fletcher,sct SCO,MF,Manchester Utd,19-057,2007.0,1,1.0,1.0,0.0,0.0,0,,0,1,1.0,12,3.0,0.0,0.0,0.0,0.0,-0.42,Matches
201,Phil Foden,eng ENG,MF,Manchester City,25-352,2000.0,31,1961.0,63.0,60.5,21.8,22,83.0,12,9,15.0,3,2.1,51.0,17.0,34.0,1.56,0.93,Matches
202,Wesley Fofana,fr FRA,DF,Chelsea,25-149,2000.0,23,1581.0,69.0,48.8,17.6,18,81.0,10,5,26.0,6,1.52,24.0,21.0,3.0,0.17,0.01,Matches
203,Fraser Forster,eng ENG,GK,Bournemouth,38-059,1988.0,0,,,,,0,,0,0,,4,,,,,,,Matches
204,Lyle Foster,za RSA,"FW,MF",Burnley,25-254,2000.0,26,1371.0,53.0,42.3,15.2,15,75.0,3,11,22.0,2,0.58,11.0,30.0,-19.0,-1.25,-0.43,Matches
205,Tyler Fredricson,eng ENG,DF,Manchester Utd,21-081,2005.0,1,3.0,3.0,0.1,0.0,0,,0,1,3.0,10,3.0,0.0,0.0,0.0,0.0,-0.42,Matches
206,Jeremie Frimpong,nl NED,"DF,MF",Liverpool,25-156,2000.0,20,1023.0,51.0,31.6,11.4,12,75.0,4,8,16.0,2,1.5,20.0,13.0,7.0,0.62,0.41,Matches
207,Leo Fuhr Hjelde,no NOR,DF,Sunderland,22-262,2003.0,0,,,,,0,,0,0,,5,,,,,,,Matches
208,Niclas Füllkrug,de GER,FW,West Ham United,33-095,1993.0,8,409.0,51.0,12.6,4.5,5,69.0,1,3,21.0,2,0.63,2.0,11.0,-9.0,-1.98,-1.63,Matches
209,Kaye Furo,be BEL,FW,Brentford,19-098,2007.0,1,1.0,1.0,0.0,0.0,0,,0,1,1.0,10,3.0,0.0,0.0,0.0,0.0,-0.08,Matches
210,Cody Gakpo,nl NED,"MF,FW",Liverpool,27-008,1999.0,34,2574.0,76.0,79.4,28.6,30,82.0,15,4,28.0,0,1.56,46.0,35.0,11.0,0.38,0.25,Matches
211,Conor Gallagher,eng ENG,MF,Tottenham Hotspur,26-098,2000.0,14,1013.0,72.0,31.3,11.3,12,80.0,4,2,28.0,0,0.71,11.0,21.0,-10.0,-0.89,-0.93,Matches
212,Idrissa Gana Gueye,sn SEN,MF,Everton,36-231,1989.0,25,2093.0,84.0,64.6,23.3,25,84.0,16,0,,0,1.32,26.0,26.0,0.0,0.0,0.0,Matches
213,Ben Gannon-Doak,sct SCO,MF,Bournemouth,20-185,2005.0,7,79.0,11.0,2.4,0.9,0,,0,7,11.0,10,1.71,5.0,1.0,4.0,4.56,4.56,Matches
214,Andrés García,es ESP,DF,Aston Villa,23-097,2003.0,5,41.0,8.0,1.3,0.5,0,,0,5,8.0,8,1.0,2.0,2.0,0.0,0.0,-0.11,Matches
215,Alejandro Garnacho,ar ARG,MF,Chelsea,21-318,2004.0,23,1266.0,55.0,39.1,14.1,14,68.0,4,9,35.0,8,1.39,20.0,20.0,0.0,0.0,-0.27,Matches
216,James Garner,eng ENG,"MF,DF",Everton,25-063,2001.0,36,3233.0,90.0,99.8,35.9,36,90.0,35,0,,0,1.36,46.0,46.0,0.0,0.0,0.0,Matches
217,Lutsharel Geertruida,nl NED,"DF,MF",Sunderland,25-301,2000.0,26,1513.0,58.0,46.7,16.8,15,87.0,12,11,20.0,7,1.23,11.0,21.0,-10.0,-0.59,-0.65,Matches
218,Tyrique George,eng ENG,FW,Chelsea,20-100,2006.0,4,145.0,36.0,4.5,1.6,0,,0,4,36.0,4,1.0,5.0,2.0,3.0,1.86,1.77,Matches
219,Tyrique George,eng ENG,MF,Everton,20-100,2006.0,9,171.0,19.0,5.3,1.9,1,61.0,0,8,14.0,2,0.89,5.0,5.0,0.0,0.0,0.0,Matches
220,Morgan Gibbs-White,eng ENG,MF,Nottingham Forest,26-108,2000.0,35,2917.0,83.0,90.0,32.4,33,86.0,18,2,33.0,0,1.2,39.0,41.0,-2.0,-0.06,-0.06,Matches
221,Jamie Gittens,eng ENG,MF,Chelsea,21-280,2004.0,16,495.0,31.0,15.3,5.5,5,57.0,1,11,19.0,6,2.06,7.0,7.0,0.0,0.0,-0.2,Matches
222,Wilfried Gnonto,it ITA,FW,Leeds United,22-191,2003.0,21,484.0,23.0,14.9,5.4,4,59.0,0,17,15.0,8,1.19,10.0,12.0,-2.0,-0.37,-0.27,Matches
223,Airidas Golambeckis,eng ENG,DF,West Ham United,18-192,2007.0,0,,,,,0,,0,0,,4,,,,,,,Matches
224,Angel Gomes,eng ENG,"MF,FW",Wolves,25-257,2000.0,11,396.0,36.0,12.2,4.4,6,56.0,0,5,13.0,1,0.91,3.0,7.0,-4.0,-0.91,0.26,Matches
225,João Gomes,br BRA,MF,Wolves,25-092,2001.0,34,2739.0,81.0,84.5,30.4,31,86.0,22,3,24.0,1,0.5,20.0,55.0,-35.0,-1.15,-0.07,Matches
226,Rodrigo Gomes,pt POR,"MF,FW",Wolves,22-312,2003.0,20,795.0,40.0,24.5,8.8,7,69.0,1,13,24.0,4,0.55,10.0,16.0,-6.0,-0.68,0.61,Matches
227,Toti Gomes,pt POR,DF,Wolves,27-119,1999.0,18,1399.0,78.0,43.2,15.5,17,82.0,12,1,1.0,6,0.28,7.0,33.0,-26.0,-1.67,-0.94,Matches
228,Diego Gómez,py PAR,"MF,FW",Brighton,23-049,2003.0,30,2036.0,68.0,62.8,22.6,25,76.0,2,5,28.0,0,1.5,26.0,25.0,1.0,0.04,-0.63,Matches
229,Joe Gomez,eng ENG,DF,Liverpool,28-357,1997.0,19,540.0,28.0,16.7,6.0,6,63.0,2,13,12.0,11,1.74,16.0,12.0,4.0,0.67,0.4,Matches
230,Enso Gonzalez,py PAR,FW,Wolves,21-115,2005.0,0,,,,,0,,0,0,,4,,,,,,,Matches
231,Nicolás González,es ESP,MF,Manchester City,24-132,2002.0,24,1479.0,62.0,45.6,16.4,16,80.0,9,8,25.0,8,2.21,38.0,15.0,23.0,1.4,0.38,Matches
232,Anthony Gordon,eng ENG,FW,Newcastle United,25-080,2001.0,26,1795.0,69.0,55.4,19.9,24,74.0,4,2,13.0,2,1.31,24.0,28.0,-4.0,-0.2,-0.33,Matches
233,Josh Gracey,nir NIR,GK,Wolves,18-152,2007.0,0,,,,,0,,0,0,,2,,,,,,,Matches
234,Braiden Graham,nir NIR,FW,Everton,18-189,2007.0,0,,,,,0,,0,0,,1,,,,,,,Matches
235,Ryan Gravenberch,nl NED,MF,Liverpool,23-364,2002.0,34,2845.0,84.0,87.8,31.6,32,87.0,28,2,29.0,0,1.65,48.0,39.0,9.0,0.28,-0.4,Matches
236,Archie Gray,eng ENG,"MF,DF",Tottenham Hotspur,20-064,2006.0,23,1469.0,64.0,45.3,16.3,18,78.0,9,5,12.0,10,0.74,18.0,28.0,-10.0,-0.61,-0.66,Matches
237,Charlie Gray,eng ENG,MF,Manchester City,20-082,2006.0,0,,,,,0,,0,0,,1,,,,,,,Matches
238,Harry Gray,eng ENG,FW,Leeds United,17-219,2008.0,0,,,,,0,,0,0,,1,,,,,,,Matches
239,Jack Grealish,eng ENG,MF,Everton,30-247,1995.0,20,1627.0,81.0,50.2,18.1,18,88.0,11,2,20.0,0,1.55,23.0,23.0,0.0,0.0,0.0,Matches
240,Pascal Groß,de GER,MF,Brighton,34-334,1991.0,17,1456.0,86.0,44.9,16.2,16,90.0,14,1,20.0,0,1.65,22.0,13.0,9.0,0.56,0.51,Matches
241,Brajan Gruda,de GER,MF,Brighton,21-349,2004.0,18,719.0,40.0,22.2,8.0,8,69.0,0,10,17.0,1,1.28,14.0,11.0,3.0,0.38,0.13,Matches
242,Ilia Gruev,bg BUL,MF,Leeds United,26-009,2000.0,23,1323.0,58.0,40.8,14.7,15,79.0,6,8,17.0,10,1.52,17.0,22.0,-5.0,-0.34,-0.34,Matches
243,Gabriel Gudmundsson,se SWE,"DF,MF",Leeds United,27-016,1999.0,32,2631.0,82.0,81.2,29.2,31,84.0,21,1,22.0,0,1.19,40.0,45.0,-5.0,-0.17,-0.17,Matches
244,Marc Guéhi,eng ENG,DF,Crystal Palace,25-306,2000.0,20,1800.0,90.0,55.6,20.0,20,90.0,20,0,,0,1.35,22.0,23.0,-1.0,-0.05,0.45,Matches
245,Marc Guéhi,eng ENG,DF,Manchester City,25-306,2000.0,14,1260.0,90.0,38.9,14.0,14,90.0,14,0,,0,2.43,30.0,11.0,19.0,1.36,0.27,Matches
246,Evann Guessand,ci CIV,MF,Aston Villa,24-318,2001.0,13,588.0,45.0,18.1,6.5,6,67.0,0,7,27.0,5,1.77,9.0,10.0,-1.0,-0.15,-0.32,Matches
247,Evann Guessand,ci CIV,MF,Crystal Palace,24-318,2001.0,6,300.0,50.0,9.3,3.3,3,71.0,1,3,29.0,0,1.67,7.0,5.0,2.0,0.6,0.94,Matches
248,Luis Guilherme,br BRA,FW,West Ham United,20-095,2006.0,5,125.0,25.0,3.9,1.4,1,45.0,0,4,20.0,3,0.4,2.0,2.0,0.0,0.0,0.58,Matches
249,Bruno Guimarães,br BRA,MF,Newcastle United,28-180,1997.0,27,2298.0,85.0,70.9,25.5,25,89.0,18,2,37.0,1,1.44,40.0,34.0,6.0,0.23,1.0,Matches
250,Marc Guiu,es ESP,FW,Sunderland,20-131,2006.0,2,15.0,8.0,0.5,0.2,0,,0,2,8.0,1,1.5,1.0,1.0,0.0,0.0,0.25,Matches
251,Marc Guiu,es ESP,FW,Chelsea,20-131,2006.0,8,257.0,32.0,7.9,2.9,1,75.0,0,7,26.0,17,1.63,6.0,2.0,4.0,1.4,1.34,Matches
252,İlkay Gündoğan,de GER,MF,Manchester City,35-203,1990.0,0,,,,,0,,0,0,,2,,,,,,,Matches
253,Angus Gunn,sct SCO,GK,Nottingham Forest,30-113,1996.0,1,45.0,45.0,1.4,0.5,0,,0,1,45.0,13,1.0,0.0,0.0,0.0,0.0,0.06,Matches
254,Malo Gusto,fr FRA,DF,Chelsea,22-361,2003.0,33,2177.0,66.0,67.2,24.2,25,79.0,10,8,24.0,1,1.36,41.0,33.0,8.0,0.33,0.5,Matches
255,Joško Gvardiol,hr CRO,DF,Manchester City,24-112,2002.0,17,1359.0,80.0,41.9,15.1,16,83.0,12,1,34.0,1,2.29,37.0,13.0,24.0,1.59,0.68,Matches
256,Viktor Gyökeres,se SWE,FW,Arsenal,27-345,1998.0,34,2198.0,65.0,67.8,24.4,26,76.0,10,8,29.0,0,2.21,51.0,13.0,38.0,1.56,1.21,Matches
257,Erling Haaland,no NOR,FW,Manchester City,25-298,2000.0,34,2863.0,84.0,88.4,31.8,33,86.0,25,1,18.0,1,2.09,68.0,31.0,37.0,1.16,-0.27,Matches
258,Lewis Hall,eng ENG,DF,Newcastle United,21-249,2004.0,28,2001.0,71.0,61.8,22.2,22,86.0,17,6,19.0,4,1.29,31.0,36.0,-5.0,-0.22,-0.44,Matches
259,Jack Harrison,eng ENG,FW,Leeds United,29-176,1996.0,11,269.0,24.0,8.3,3.0,1,65.0,0,10,20.0,9,1.09,1.0,5.0,-4.0,-1.34,-1.31,Matches
260,Quilindschy Hartman,nl NED,DF,Burnley,24-182,2001.0,21,1825.0,87.0,56.3,20.3,21,87.0,16,0,,8,0.52,18.0,40.0,-22.0,-1.08,-0.19,Matches
261,Jorrel Hato,nl NED,DF,Chelsea,20-069,2006.0,20,1007.0,50.0,31.1,11.2,10,78.0,6,10,23.0,13,1.3,11.0,24.0,-13.0,-1.16,-1.93,Matches
262,Kai Havertz,de GER,"MF,FW",Arsenal,26-338,1999.0,10,464.0,46.0,14.3,5.2,6,60.0,1,4,26.0,2,2.4,8.0,3.0,5.0,0.97,-0.23,Matches
263,Tom Heaton,eng ENG,GK,Manchester Utd,40-030,1986.0,0,,,,,0,,0,0,,4,,,,,,,Matches
264,Ayden Heaven,eng ENG,DF,Manchester Utd,19-235,2006.0,17,924.0,54.0,28.5,10.3,11,80.0,7,6,8.0,19,2.0,20.0,15.0,5.0,0.49,0.1,Matches
265,Jan Paul van Hecke,nl NED,DF,Brighton,25-341,2000.0,34,3030.0,89.0,93.5,33.7,34,89.0,33,0,,0,1.53,52.0,40.0,12.0,0.36,1.21,Matches
266,Hwang Hee-chan,kr KOR,"FW,MF",Wolves,30-109,1996.0,24,1278.0,53.0,39.4,14.2,16,71.0,0,8,17.0,7,0.33,8.0,27.0,-19.0,-1.34,-0.33,Matches
267,George Hemmings,eng ENG,MF,Aston Villa,19-072,2007.0,2,27.0,14.0,0.8,0.3,0,,0,2,14.0,9,0.0,1.0,0.0,1.0,3.33,3.25,Matches
268,Dean Henderson,eng ENG,GK,Crystal Palace,29-064,1997.0,35,3150.0,90.0,97.2,35.0,35,90.0,35,0,,0,1.23,38.0,47.0,-9.0,-0.26,-0.26,Matches
269,Jordan Henderson,eng ENG,MF,Brentford,35-332,1990.0,30,1832.0,61.0,56.5,20.4,21,80.0,10,9,17.0,1,1.43,27.0,27.0,0.0,0.0,-0.19,Matches
270,Rico Henry,jm JAM,DF,Brentford,28-311,1997.0,25,1328.0,53.0,41.0,14.8,14,80.0,6,11,19.0,4,1.64,28.0,22.0,6.0,0.41,0.55,Matches
271,Mads Hermansen,dk DEN,GK,West Ham United,25-308,2000.0,16,1440.0,90.0,44.4,16.0,16,90.0,16,0,,20,1.19,17.0,25.0,-8.0,-0.5,0.1,Matches
272,Finlay Herrick,eng ENG,GK,West Ham United,20-117,2006.0,0,,,,,0,,0,0,,1,,,,,,,Matches
273,Reigan Heskey,eng ENG,FW,Manchester City,18-117,2008.0,0,,,,,0,,0,0,,5,,,,,,,Matches
274,Aaron Hickey,sct SCO,"DF,MF",Brentford,23-339,2002.0,20,659.0,33.0,20.3,7.3,8,68.0,1,12,10.0,7,1.5,8.0,9.0,-1.0,-0.14,-0.28,Matches
275,James Hill,eng ENG,DF,Bournemouth,24-125,2002.0,27,1926.0,71.0,59.4,21.4,20,88.0,18,7,23.0,5,1.81,32.0,22.0,10.0,0.47,0.88,Matches
276,Piero Hincapié,ec ECU,DF,Arsenal,24-126,2002.0,23,1683.0,73.0,51.9,18.7,19,85.0,14,4,17.0,5,2.26,39.0,18.0,21.0,1.12,-0.09,Matches
277,Jack Hinshelwood,eng ENG,MF,Brighton,21-034,2005.0,25,1587.0,63.0,49.0,17.6,18,76.0,4,7,32.0,2,1.44,23.0,20.0,3.0,0.17,-0.21,Matches
278,Ki-Jana Hoever,nl NED,"MF,DF",Wolves,24-117,2002.0,8,425.0,53.0,13.1,4.7,6,65.0,0,2,17.0,9,0.0,3.0,13.0,-10.0,-2.12,-1.13,Matches
279,Ronnie Hollingshead,wls WAL,GK,Aston Villa,21-248,2004.0,0,,,,,0,,0,0,,1,,,,,,,Matches
280,Harry Howell,eng ENG,MF,Brighton,18-025,2008.0,3,94.0,31.0,2.9,1.0,1,70.0,0,2,12.0,4,0.0,0.0,2.0,-2.0,-1.91,-2.26,Matches
281,Callum Hudson-Odoi,eng ENG,MF,Nottingham Forest,25-189,2000.0,30,1841.0,61.0,56.8,20.5,21,75.0,4,9,31.0,0,1.0,21.0,26.0,-5.0,-0.24,-0.44,Matches
282,Will Hughes,eng ENG,MF,Crystal Palace,31-028,1995.0,30,1481.0,49.0,45.7,16.5,18,72.0,7,12,16.0,5,1.3,10.0,16.0,-6.0,-0.36,-0.21,Matches
283,Trai Hume,nir NIR,"DF,MF",Sunderland,24-058,2002.0,36,2887.0,80.0,89.1,32.1,32,88.0,25,4,22.0,0,1.33,31.0,40.0,-9.0,-0.28,-0.28,Matches
284,Bashir Humphreys,eng ENG,"DF,MF",Burnley,23-061,2003.0,18,1479.0,82.0,45.6,16.4,16,88.0,12,2,40.0,6,0.5,14.0,32.0,-18.0,-1.1,-0.18,Matches
285,Omari Hutchinson,eng ENG,MF,Nottingham Forest,22-197,2003.0,29,1542.0,53.0,47.6,17.1,15,79.0,8,14,26.0,5,1.24,23.0,21.0,2.0,0.12,0.33,Matches
286,Igor,br BRA,DF,Brighton,28-097,1998.0,0,,,,,0,,0,0,,6,,,,,,,Matches
287,Igor,br BRA,DF,West Ham United,28-097,1998.0,4,105.0,26.0,3.2,1.2,1,90.0,1,3,5.0,9,2.0,4.0,3.0,1.0,0.86,1.46,Matches
288,Samuel Iling-Junior,eng ENG,MF,Aston Villa,22-223,2003.0,0,,,,,0,,0,0,,1,,,,,,,Matches
289,Danny Imray,eng ENG,"DF,MF",Crystal Palace,22-292,2003.0,0,,,,,0,,0,0,,2,,,,,,,Matches
290,Tim Iroegbunam,eng ENG,MF,Everton,22-319,2003.0,27,1332.0,49.0,41.1,14.8,15,79.0,6,12,12.0,6,1.41,18.0,16.0,2.0,0.14,0.23,Matches
291,Andy Irving,sct SCO,MF,West Ham United,26-002,2000.0,7,158.0,23.0,4.9,1.8,2,62.0,0,5,7.0,8,0.71,3.0,4.0,-1.0,-0.57,-0.01,Matches
292,Alexander Isak,se SWE,FW,Liverpool,26-236,1999.0,14,699.0,50.0,21.6,7.8,8,74.0,0,6,17.0,1,1.71,7.0,9.0,-2.0,-0.26,-0.75,Matches
293,Wilson Isidor,ht HAI,FW,Sunderland,25-261,2000.0,30,1121.0,37.0,34.6,12.5,11,71.0,0,19,18.0,4,1.33,16.0,17.0,-1.0,-0.08,0.26,Matches
294,Alex Iwobi,ng NGA,MF,Fulham,30-012,1996.0,27,2263.0,84.0,69.8,25.1,27,84.0,11,0,,0,1.26,33.0,39.0,-6.0,-0.24,-0.24,Matches
295,Daniel James,wls WAL,"FW,MF",Leeds United,28-186,1997.0,17,479.0,28.0,14.8,5.3,5,62.0,0,12,14.0,4,0.94,0.0,14.0,-14.0,-2.63,-2.92,Matches
296,Reece James,eng ENG,"DF,MF",Chelsea,26-158,1999.0,28,1924.0,69.0,59.4,21.4,20,86.0,15,8,25.0,2,1.61,32.0,20.0,12.0,0.56,0.97,Matches
297,Vitaly Janelt,de GER,MF,Brentford,28-005,1998.0,23,1292.0,56.0,39.9,14.4,13,83.0,10,10,21.0,3,1.43,24.0,18.0,6.0,0.42,0.56,Matches
298,Mathias Jensen,dk DEN,MF,Brentford,30-134,1996.0,34,2103.0,62.0,64.9,23.4,24,82.0,13,10,13.0,2,1.5,33.0,30.0,3.0,0.13,0.13,Matches
299,Gabriel Jesus,br BRA,FW,Arsenal,29-042,1997.0,13,355.0,27.0,11.0,3.9,2,58.0,0,11,22.0,9,2.08,6.0,6.0,0.0,0.0,-1.31,Matches
300,Igor Jesus,br BRA,FW,Nottingham Forest,25-079,2001.0,35,2125.0,61.0,65.6,23.6,26,73.0,4,9,24.0,0,1.23,32.0,33.0,-1.0,-0.04,0.04,Matches
301,Álex Jiménez,es ESP,"DF,MF",Bournemouth,21-007,2005.0,31,2317.0,75.0,71.5,25.7,26,84.0,12,5,29.0,1,1.48,41.0,38.0,3.0,0.12,0.02,Matches
302,Raúl Jiménez,mx MEX,FW,Fulham,35-010,1991.0,34,2146.0,63.0,66.2,23.8,27,75.0,10,7,16.0,0,1.41,33.0,29.0,4.0,0.17,0.99,Matches
303,Jamaldeen Jimoh,eng ENG,MF,Aston Villa,19-225,2006.0,1,9.0,9.0,0.3,0.1,0,,0,1,9.0,8,0.0,1.0,0.0,1.0,10.0,9.92,Matches
304,João Pedro,br BRA,"FW,MF",Chelsea,24-231,2001.0,34,2571.0,76.0,79.4,28.6,30,82.0,13,4,31.0,0,1.44,47.0,34.0,13.0,0.46,1.4,Matches
305,Joelinton,br BRA,MF,Newcastle United,29-274,1996.0,27,1951.0,72.0,60.2,21.7,23,81.0,13,4,24.0,3,1.48,34.0,27.0,7.0,0.32,0.95,Matches
306,John,br BRA,GK,Nottingham Forest,30-091,1996.0,5,437.0,87.0,13.5,4.9,5,87.0,4,0,,12,0.6,5.0,8.0,-3.0,-0.62,-0.65,Matches
307,Brennan Johnson,wls WAL,"MF,FW",Tottenham Hotspur,24-357,2001.0,16,610.0,38.0,18.8,6.8,6,77.0,1,10,15.0,2,1.38,13.0,5.0,8.0,1.18,1.76,Matches
308,Brennan Johnson,wls WAL,"MF,FW",Crystal Palace,24-357,2001.0,17,1067.0,63.0,32.9,11.9,13,76.0,4,4,19.0,0,1.0,6.0,18.0,-12.0,-1.01,-1.14,Matches
309,Sam Johnstone,eng ENG,GK,Wolves,33-051,1993.0,12,1080.0,90.0,33.3,12.0,12,90.0,12,0,,18,0.17,6.0,24.0,-18.0,-1.5,-0.54,Matches
310,Curtis Jones,eng ENG,"MF,DF",Liverpool,25-105,2001.0,32,1757.0,55.0,54.2,19.5,16,82.0,7,16,28.0,2,1.53,35.0,33.0,2.0,0.1,-0.5,Matches
311,Harrison Jones,eng ENG,MF,Sunderland,21-141,2004.0,0,,,,,0,,0,0,,15,,,,,,,Matches
312,Jaydon Jones,eng ENG,MF,Sunderland,19-193,2006.0,0,,,,,0,,0,0,,1,,,,,,,Matches
313,Jenson Jones,eng ENG,DF,Sunderland,25-197,2000.0,0,,,,,0,,0,0,,7,,,,,,,Matches
314,Eli Junior Kroupi,fr FRA,"MF,FW",Bournemouth,19-326,2006.0,31,1525.0,49.0,47.1,16.9,19,70.0,0,12,16.0,5,1.48,29.0,20.0,9.0,0.53,0.79,Matches
315,Hamed Junior Traorè,ci CIV,MF,Bournemouth,26-088,2000.0,1,17.0,17.0,0.5,0.2,0,,0,1,17.0,0,0.0,1.0,2.0,-1.0,-5.29,-5.43,Matches
316,James Justin,eng ENG,"DF,MF",Leeds United,28-081,1998.0,27,1721.0,64.0,53.1,19.1,19,85.0,15,8,12.0,7,1.41,26.0,23.0,3.0,0.16,0.63,Matches
317,Filip Jørgensen,dk DEN,GK,Chelsea,24-029,2002.0,5,379.0,76.0,11.7,4.2,3,90.0,3,2,55.0,21,1.0,8.0,5.0,3.0,0.71,0.62,Matches
318,Ferdi Kadioglu,tr TUR,"DF,MF",Brighton,26-220,1999.0,35,2953.0,84.0,91.1,32.8,32,89.0,28,3,38.0,1,1.43,46.0,37.0,9.0,0.27,-0.04,Matches
319,Sasa Kalajdzic,at AUT,"FW,MF",Wolves,28-312,1997.0,1,15.0,15.0,0.5,0.2,0,,0,1,15.0,1,0.0,1.0,0.0,1.0,6.0,7.17,Matches
320,Arnaud Kalimuendo,fr FRA,FW,Nottingham Forest,24-115,2002.0,9,96.0,11.0,3.0,1.1,0,,0,9,11.0,9,0.22,0.0,3.0,-3.0,-2.81,-2.84,Matches
321,Daichi Kamada,jp JPN,MF,Crystal Palace,29-283,1996.0,26,1767.0,68.0,54.5,19.6,20,82.0,7,6,22.0,0,1.5,30.0,25.0,5.0,0.25,1.11,Matches
322,Boubacar Kamara,fr FRA,MF,Aston Villa,26-173,1999.0,18,1411.0,78.0,43.5,15.7,17,82.0,9,1,19.0,0,2.33,26.0,15.0,11.0,0.7,1.05,Matches
323,Mohamadou Kanté,fr FRA,MF,West Ham United,20-237,2005.0,9,44.0,5.0,1.4,0.5,0,,0,9,5.0,13,0.89,0.0,0.0,0.0,0.0,0.56,Matches
324,Ryan Kavuma McQueen,eng ENG,FW,Chelsea,17-134,2009.0,0,,,,,0,,0,0,,1,,,,,,,Matches
325,Michael Kayode,it ITA,DF,Brentford,21-309,2004.0,35,3078.0,88.0,95.0,34.2,35,88.0,29,0,,0,1.46,51.0,46.0,5.0,0.15,1.26,Matches
326,Michael Keane,eng ENG,DF,Everton,33-124,1993.0,31,2411.0,78.0,74.4,26.8,27,89.0,25,4,4.0,1,1.23,30.0,38.0,-8.0,-0.3,-1.17,Matches
327,Caoimhín Kelleher,ie IRL,GK,Brentford,27-173,1998.0,35,3150.0,90.0,97.2,35.0,35,90.0,35,0,,0,1.37,48.0,46.0,2.0,0.06,-0.94,Matches
328,Milos Kerkez,hu HUN,DF,Liverpool,22-189,2003.0,32,2159.0,67.0,66.6,24.0,26,79.0,14,6,18.0,4,1.53,39.0,32.0,7.0,0.29,-0.12,Matches
329,Kevin,br BRA,MF,Fulham,23-131,2003.0,24,937.0,39.0,28.9,10.4,8,69.0,0,16,24.0,1,1.33,12.0,14.0,-2.0,-0.19,-0.04,Matches
330,Abdukodir Khusanov,uz UZB,DF,Manchester City,22-075,2004.0,20,1342.0,67.0,41.4,14.9,14,84.0,11,6,27.0,9,2.0,24.0,12.0,12.0,0.8,-0.67,Matches
331,Max Kilman,eng ENG,DF,West Ham United,28-357,1997.0,21,1561.0,74.0,48.2,17.3,17,90.0,17,4,8.0,11,0.95,18.0,37.0,-19.0,-1.1,-1.04,Matches
332,George King,eng ENG,DF,Crystal Palace,19-056,2007.0,0,,,,,0,,0,0,,1,,,,,,,Matches
333,Joshua King,eng ENG,MF,Fulham,19-132,2007.0,30,1265.0,42.0,39.0,14.1,15,65.0,0,15,19.0,3,1.33,13.0,18.0,-5.0,-0.36,-0.31,Matches
334,Tom King,wls WAL,GK,Everton,31-067,1995.0,0,,,,,0,,0,0,,13,,,,,,,Matches
335,Antonín Kinský,cz CZE,GK,Tottenham Hotspur,23-063,2003.0,5,450.0,90.0,13.9,5.0,5,90.0,5,0,,30,1.6,6.0,5.0,1.0,0.2,0.52,Matches
336,Jakub Kiwior,pl POL,"DF,MF",Arsenal,26-089,2000.0,0,,,,,0,,0,0,,1,,,,,,,Matches
337,Justin Kluivert,nl NED,MF,Bournemouth,27-010,1999.0,18,919.0,51.0,28.4,10.2,10,72.0,0,8,25.0,1,1.22,16.0,18.0,-2.0,-0.2,-0.43,Matches
338,Joe Knight,eng ENG,MF,Brighton,20-236,2005.0,1,1.0,1.0,0.0,0.0,0,,0,1,1.0,4,3.0,0.0,0.0,0.0,0.0,-0.28,Matches
339,Randal Kolo Muani,fr FRA,"FW,MF",Tottenham Hotspur,27-161,1998.0,28,1578.0,56.0,48.7,17.5,20,69.0,4,8,26.0,2,0.82,17.0,29.0,-12.0,-0.68,-0.85,Matches
340,Ibrahima Konaté,fr FRA,DF,Liverpool,26-355,1999.0,34,2912.0,86.0,89.9,32.4,34,86.0,25,0,,1,1.71,52.0,40.0,12.0,0.37,0.37,Matches
341,Ezri Konsa,eng ENG,DF,Aston Villa,28-204,1997.0,33,2945.0,89.0,90.9,32.7,33,89.0,32,0,,2,1.76,48.0,42.0,6.0,0.18,0.79,Matches
342,Charalampos Kostoulas,gr GRE,FW,Brighton,18-350,2007.0,19,328.0,17.0,10.1,3.6,2,76.0,0,17,10.0,8,1.0,8.0,8.0,0.0,0.0,-0.31,Matches
343,Mateo Kovačić,hr CRO,MF,Manchester City,32-009,1994.0,4,43.0,11.0,1.3,0.5,0,,0,4,11.0,6,2.5,3.0,1.0,2.0,4.19,3.03,Matches
344,Emil Krafth,se SWE,DF,Newcastle United,31-286,1994.0,1,45.0,45.0,1.4,0.5,1,45.0,0,0,,9,0.0,1.0,2.0,-1.0,-2.0,-1.97,Matches
345,Ladislav Krejčí,cz CZE,"DF,MF",Wolves,27-025,1999.0,26,2201.0,85.0,67.9,24.5,25,86.0,20,1,48.0,2,0.54,18.0,43.0,-25.0,-1.02,0.36,Matches
346,Mohammed Kudus,gh GHA,"MF,FW",Tottenham Hotspur,25-286,2000.0,19,1535.0,81.0,47.4,17.1,19,81.0,8,0,,0,1.37,22.0,20.0,2.0,0.12,0.7,Matches
347,Godwill Kukonki,eng ENG,DF,Manchester Utd,18-098,2008.0,0,,,,,0,,0,0,,2,,,,,,,Matches
348,Jonah Kusi-Asare,se SWE,FW,Fulham,18-315,2007.0,7,55.0,8.0,1.7,0.6,0,,0,7,8.0,11,0.57,2.0,2.0,0.0,0.0,0.17,Matches
349,Rio Kyerematen,eng ENG,MF,Tottenham Hotspur,20-340,2005.0,0,,,,,0,,0,0,,2,,,,,,,Matches
350,Shea Lacey,eng ENG,FW,Manchester Utd,19-031,2007.0,2,14.0,7.0,0.4,0.2,0,,0,2,7.0,11,0.5,0.0,0.0,0.0,0.0,-0.42,Matches
351,Maxence Lacroix,fr FRA,DF,Crystal Palace,26-039,2000.0,34,3025.0,89.0,93.4,33.6,34,89.0,33,0,,0,1.12,34.0,44.0,-10.0,-0.3,-0.72,Matches
352,Keiber Lamadrid,ve VEN,MF,West Ham United,22-178,2003.0,0,,,,,0,,0,0,,2,,,,,,,Matches
353,Senne Lammens,be BEL,GK,Manchester Utd,23-312,2002.0,30,2700.0,90.0,83.3,30.0,30,90.0,30,0,,3,1.93,56.0,37.0,19.0,0.63,1.3,Matches
354,Jamaal Lascelles,eng ENG,DF,Newcastle United,32-185,1993.0,2,21.0,11.0,0.6,0.2,0,,0,2,11.0,3,0.5,0.0,2.0,-2.0,-8.57,-8.57,Matches
355,Josh Laurent,eng ENG,"DF,MF",Burnley,31-009,1995.0,32,1744.0,55.0,53.8,19.4,18,81.0,9,14,20.0,3,0.66,17.0,40.0,-23.0,-1.19,-0.4,Matches
356,Roméo Lavia,be BEL,MF,Chelsea,22-129,2004.0,12,382.0,32.0,11.8,4.2,4,58.0,0,8,19.0,3,1.0,1.0,10.0,-9.0,-2.12,-2.59,Matches
357,Enzo Le Fée,fr FRA,"MF,FW",Sunderland,26-101,2000.0,34,2751.0,81.0,84.9,30.6,31,87.0,24,3,16.0,0,1.38,32.0,41.0,-9.0,-0.29,-0.29,Matches
358,Benjamin Lecomte,fr FRA,GK,Fulham,35-019,1991.0,0,,,,,0,,0,0,,36,,,,,,,Matches
359,Bernd Leno,de GER,GK,Fulham,34-072,1992.0,36,3240.0,90.0,100.0,36.0,36,90.0,36,0,,0,1.33,44.0,50.0,-6.0,-0.17,,Matches
360,Diego León,py PAR,DF,Manchester Utd,19-042,2007.0,0,,,,,0,,0,0,,3,,,,,,,Matches
361,Giovanni Leoni,it ITA,DF,Liverpool,19-145,2006.0,0,,,,,0,,0,0,,1,,,,,,,Matches
362,Jefferson Lerma,co COL,"MF,DF",Crystal Palace,31-202,1994.0,29,1626.0,56.0,50.2,18.1,17,83.0,14,12,18.0,4,1.24,18.0,22.0,-4.0,-0.22,0.06,Matches
363,Rico Lewis,eng ENG,DF,Manchester City,21-175,2004.0,10,317.0,32.0,9.8,3.5,3,82.0,2,7,10.0,16,1.9,6.0,5.0,1.0,0.28,-1.01,Matches
364,Keane Lewis-Potter,eng ENG,"DF,MF",Brentford,25-082,2001.0,34,1794.0,53.0,55.4,19.9,20,80.0,9,14,14.0,2,1.41,25.0,29.0,-4.0,-0.2,-0.64,Matches
365,Myles Lewis-Skelly,eng ENG,"MF,DF",Arsenal,19-231,2006.0,18,601.0,33.0,18.5,6.7,4,85.0,3,14,19.0,17,2.44,14.0,7.0,7.0,1.05,-0.15,Matches
366,Jayden Lienou,wls WAL,DF,Leeds United,18-037,2008.0,0,,,,,0,,0,0,,1,,,,,,,Matches
367,Matthijs de Ligt,nl NED,DF,Manchester Utd,26-276,1999.0,13,1170.0,90.0,36.1,13.0,13,90.0,13,0,,0,1.62,21.0,20.0,1.0,0.08,-0.53,Matches
368,Pedro Lima,br BRA,MF,Wolves,19-318,2006.0,7,245.0,35.0,7.6,2.7,3,65.0,0,4,12.0,9,0.29,0.0,6.0,-6.0,-2.2,-1.15,Matches
369,Victor Lindelöf,se SWE,"DF,MF",Aston Villa,31-302,1994.0,15,831.0,55.0,25.6,9.2,9,88.0,8,6,6.0,17,2.07,17.0,14.0,3.0,0.32,0.29,Matches
370,Valentino Livramento,eng ENG,DF,Newcastle United,23-184,2002.0,17,1328.0,78.0,41.0,14.8,14,88.0,12,3,33.0,0,1.47,22.0,14.0,8.0,0.54,1.01,Matches
371,Sean Longstaff,eng ENG,MF,Leeds United,28-197,1997.0,22,980.0,45.0,30.2,10.9,10,84.0,7,12,11.0,6,1.27,11.0,20.0,-9.0,-0.83,-0.99,Matches
372,Fer López,es ESP,MF,Wolves,21-356,2004.0,9,235.0,26.0,7.3,2.6,2,55.0,0,7,18.0,11,0.11,3.0,9.0,-6.0,-2.3,-1.25,Matches
373,Lucas,br BRA,"MF,DF",Burnley,25-052,2001.0,18,1229.0,68.0,37.9,13.7,13,86.0,12,5,21.0,13,0.44,15.0,27.0,-12.0,-0.88,0.2,Matches
374,Lorenzo Lucca,it ITA,FW,Nottingham Forest,25-247,2000.0,4,129.0,32.0,4.0,1.4,1,70.0,0,3,20.0,2,0.5,2.0,1.0,1.0,0.7,0.78,Matches
375,Florentino Luís,pt POR,MF,Burnley,26-269,1999.0,29,1938.0,67.0,59.8,21.5,23,79.0,8,6,20.0,4,0.52,19.0,43.0,-24.0,-1.11,-0.29,Matches
376,Douglas Luiz,br BRA,MF,Aston Villa,28-006,1998.0,11,531.0,48.0,16.4,5.9,6,76.0,1,5,15.0,2,0.91,3.0,6.0,-3.0,-0.51,-0.74,Matches
377,Douglas Luiz,br BRA,MF,Nottingham Forest,28-006,1998.0,8,315.0,39.0,9.7,3.5,5,51.0,0,3,19.0,6,0.63,1.0,7.0,-6.0,-1.71,-1.84,Matches
378,Saša Lukić,rs SRB,MF,Fulham,29-275,1996.0,25,1644.0,66.0,50.7,18.3,19,79.0,11,6,24.0,3,1.2,15.0,21.0,-6.0,-0.33,-0.33,Matches
379,Ian Maatsen,nl NED,DF,Aston Villa,24-066,2002.0,28,1509.0,54.0,46.6,16.8,16,81.0,7,12,18.0,8,1.61,26.0,25.0,1.0,0.06,-0.1,Matches
380,Alexis Mac Allister,ar ARG,MF,Liverpool,27-142,1998.0,35,2478.0,71.0,76.5,27.5,29,81.0,18,6,20.0,0,1.6,42.0,36.0,6.0,0.22,-0.49,Matches
381,James Maddison,eng ENG,"FW,MF",Tottenham Hotspur,29-173,1996.0,1,6.0,6.0,0.2,0.1,0,,0,1,6.0,3,1.0,0.0,0.0,0.0,0.0,0.25,Matches
382,Noni Madueke,eng ENG,"FW,MF",Arsenal,24-066,2002.0,25,1129.0,45.0,34.8,12.5,15,63.0,0,10,18.0,5,1.92,22.0,9.0,13.0,1.04,-0.2,Matches
383,Gabriel Magalhães,br BRA,DF,Arsenal,28-147,1997.0,30,2616.0,87.0,80.7,29.1,29,90.0,28,1,20.0,0,2.2,54.0,19.0,35.0,1.2,0.19,Matches
384,Soungoutou Magassa,fr FRA,MF,West Ham United,22-219,2003.0,22,981.0,45.0,30.3,10.9,11,74.0,2,11,15.0,10,0.73,11.0,23.0,-12.0,-1.1,-0.78,Matches
385,Harry Maguire,eng ENG,DF,Manchester Utd,33-071,1993.0,21,1473.0,70.0,45.5,16.4,17,84.0,11,4,13.0,3,1.95,30.0,17.0,13.0,0.79,0.69,Matches
386,Kobbie Mainoo,eng ENG,MF,Manchester Utd,21-026,2005.0,26,1482.0,57.0,45.7,16.5,14,89.0,12,12,20.0,4,2.15,32.0,20.0,12.0,0.73,0.58,Matches
387,Tyrell Malacia,nl NED,DF,Manchester Utd,26-271,1999.0,2,9.0,5.0,0.3,0.1,0,,0,2,5.0,24,1.5,0.0,1.0,-1.0,-10.0,-10.45,Matches
388,Donyell Malen,nl NED,"FW,MF",Aston Villa,27-126,1999.0,21,656.0,31.0,20.2,7.3,5,71.0,0,16,19.0,0,2.05,11.0,10.0,1.0,0.14,0.03,Matches
389,Giorgi Mamardashvili,ge GEO,GK,Liverpool,25-228,2000.0,9,777.0,86.0,24.0,8.6,9,86.0,8,0,,25,1.11,11.0,14.0,-3.0,-0.35,-0.9,Matches
390,Christos Mandas,gr GRE,GK,Bournemouth,24-240,2001.0,0,,,,,0,,0,0,,13,,,,,,,Matches
391,Reinildo Mandava,mz MOZ,DF,Sunderland,32-114,1994.0,23,1786.0,78.0,55.1,19.8,21,83.0,17,2,23.0,0,1.48,23.0,24.0,-1.0,-0.05,0.44,Matches
392,Mateus Mane,pt POR,MF,Wolves,18-241,2007.0,25,1615.0,65.0,49.8,17.9,17,84.0,13,8,23.0,0,0.64,14.0,28.0,-14.0,-0.78,0.72,Matches
393,Bendito Mantato,eng ENG,MF,Manchester Utd,18-110,2008.0,1,16.0,16.0,0.5,0.2,0,,0,1,16.0,3,1.0,0.0,0.0,0.0,0.0,-0.42,Matches
394,Solly March,eng ENG,MF,Brighton,31-299,1994.0,2,8.0,4.0,0.2,0.1,0,,0,2,4.0,2,3.0,0.0,0.0,0.0,0.0,-0.28,Matches
395,Omar Marmoush,eg EGY,"FW,MF",Manchester City,27-097,1999.0,20,685.0,34.0,21.1,7.6,8,65.0,0,12,14.0,6,2.1,14.0,5.0,9.0,1.18,-0.02,Matches
396,Zachariah Marsh,eng ENG,FW,Crystal Palace,20-221,2005.0,0,,,,,0,,0,0,,1,,,,,,,Matches
397,Callum Marshall,nir NIR,FW,West Ham United,21-168,2004.0,2,60.0,30.0,1.9,0.7,0,,0,2,30.0,4,0.0,0.0,2.0,-2.0,-3.0,-2.49,Matches
398,Gabriel Martinelli,br BRA,"FW,MF",Arsenal,24-331,2001.0,28,990.0,35.0,30.6,11.0,10,61.0,1,18,21.0,6,2.14,20.0,7.0,13.0,1.18,0.02,Matches
399,Emiliano Martínez,ar ARG,GK,Aston Villa,33-255,1992.0,31,2745.0,89.0,84.7,30.5,31,89.0,30,0,,0,1.65,42.0,37.0,5.0,0.16,0.35,Matches
400,Lisandro Martínez,ar ARG,DF,Manchester Utd,28-117,1998.0,16,1053.0,66.0,32.5,11.7,11,87.0,9,5,20.0,1,1.75,19.0,13.0,6.0,0.51,0.14,Matches
401,Arthur Masuaku,cd COD,DF,Sunderland,32-189,1993.0,3,126.0,42.0,3.9,1.4,2,58.0,0,1,11.0,8,1.33,1.0,2.0,-1.0,-0.71,-0.48,Matches
402,Pape Matar Sarr,sn SEN,MF,Tottenham Hotspur,23-243,2002.0,24,1357.0,57.0,41.9,15.1,13,89.0,11,11,19.0,3,1.08,20.0,23.0,-3.0,-0.2,0.09,Matches
403,Jean-Philippe Mateta,fr FRA,FW,Crystal Palace,28-321,1997.0,30,2174.0,72.0,67.1,24.2,25,81.0,12,5,28.0,0,1.13,22.0,28.0,-6.0,-0.25,0.0,Matches
404,Remi Matthews,eng ENG,GK,Crystal Palace,32-094,1994.0,0,,,,,0,,0,0,,10,,,,,,,Matches
405,Konstantinos Mavropanos,gr GRE,DF,West Ham United,28-155,1997.0,29,2354.0,81.0,72.7,26.2,25,90.0,25,4,26.0,3,1.0,30.0,41.0,-11.0,-0.42,0.49,Matches
406,Eliezer Mayenda,es ESP,"FW,MF",Sunderland,21-007,2005.0,20,759.0,38.0,23.4,8.4,8,74.0,1,12,14.0,16,1.25,8.0,9.0,-1.0,-0.12,0.17,Matches
407,Ezra Mayers,bb BRB,DF,West Ham United,19-119,2007.0,6,117.0,20.0,3.6,1.3,0,,0,6,20.0,8,0.33,0.0,3.0,-3.0,-2.31,-1.82,Matches
408,Noussair Mazraoui,ma MAR,"DF,MF",Manchester Utd,28-182,1997.0,19,912.0,48.0,28.1,10.1,10,72.0,3,9,22.0,5,1.95,16.0,10.0,6.0,0.59,0.24,Matches
409,Bryan Mbeumo,cm CMR,"MF,FW",Manchester Utd,26-281,1999.0,31,2457.0,79.0,75.8,27.3,29,83.0,13,2,19.0,0,1.9,51.0,34.0,17.0,0.62,0.85,Matches
410,Ryan Mcaidoo,eng ENG,FW,Manchester City,17-325,2008.0,0,,,,,0,,0,0,,6,,,,,,,Matches
411,James Mcatee,eng ENG,MF,Nottingham Forest,23-209,2002.0,12,278.0,23.0,8.6,3.1,2,75.0,1,10,13.0,21,0.75,4.0,9.0,-5.0,-1.62,-1.71,Matches
412,John McGinn,sct SCO,MF,Aston Villa,31-209,1994.0,28,2043.0,73.0,63.1,22.7,27,74.0,6,1,45.0,0,1.82,33.0,27.0,6.0,0.26,0.41,Matches
413,Kian McMahon-Brown,ie IRL,MF,Burnley,17-285,2008.0,0,,,,,0,,0,0,,1,,,,,,,Matches
414,Conor McManus,,DF,Brentford,,,0,,,,,0,,0,0,,1,,,,,,,Matches
415,Alfie McNally,eng ENG,GK,Fulham,21-144,2004.0,0,,,,,0,,0,0,,1,,,,,,,Matches
416,Dwight McNeil,eng ENG,MF,Everton,26-174,1999.0,21,1165.0,55.0,36.0,12.9,14,76.0,3,7,14.0,13,1.52,14.0,8.0,6.0,0.46,0.72,Matches
417,Hannibal Mejbri,tn TUN,MF,Burnley,23-114,2003.0,25,1095.0,44.0,33.8,12.2,13,70.0,3,12,15.0,2,0.76,15.0,25.0,-10.0,-0.82,0.27,Matches
418,Mikel Merino,es ESP,"MF,FW",Arsenal,29-327,1996.0,21,1007.0,48.0,31.1,11.2,10,77.0,5,11,22.0,2,2.19,22.0,9.0,13.0,1.16,-0.01,Matches
419,Max Merrick,eng ENG,GK,Chelsea,20-186,2005.0,0,,,,,0,,0,0,,1,,,,,,,Matches
420,Illan Meslier,fr FRA,GK,Leeds United,26-074,2000.0,0,,,,,0,,0,0,,5,,,,,,,Matches
421,Stephen Mfuni,eng ENG,DF,Manchester City,18-092,2008.0,0,,,,,0,,0,0,,5,,,,,,,Matches
422,Antoni Milambo,nl NED,MF,Brentford,21-042,2005.0,1,45.0,45.0,1.4,0.5,1,45.0,0,0,,3,0.0,0.0,3.0,-3.0,-6.0,-6.17,Matches
423,Nikola Milenković,rs SRB,DF,Nottingham Forest,28-215,1997.0,36,3195.0,89.0,98.6,35.5,35,90.0,35,1,45.0,0,1.19,43.0,47.0,-4.0,-0.11,-4.11,Matches
424,Lewis Miley,eng ENG,"MF,DF",Newcastle United,20-014,2006.0,23,1496.0,65.0,46.2,16.6,15,88.0,13,8,22.0,5,1.3,25.0,22.0,3.0,0.18,0.44,Matches
425,James Milner,eng ENG,MF,Brighton,40-131,1986.0,19,726.0,38.0,22.4,8.1,6,79.0,1,13,19.0,7,1.47,16.0,14.0,2.0,0.25,-0.04,Matches
426,Veljko Milosavljević,rs SRB,DF,Bournemouth,18-321,2007.0,7,368.0,53.0,11.4,4.1,4,90.0,4,3,3.0,15,1.86,5.0,6.0,-1.0,-0.24,-0.4,Matches
427,Tyrone Mings,eng ENG,DF,Aston Villa,33-063,1993.0,16,1234.0,77.0,38.1,13.7,14,86.0,13,2,17.0,6,1.13,14.0,22.0,-8.0,-0.58,-1.12,Matches
428,Yankuba Minteh,gm GAM,MF,Brighton,21-297,2004.0,32,2257.0,71.0,69.7,25.1,25,83.0,11,7,27.0,2,1.34,39.0,32.0,7.0,0.28,0.0,Matches
429,Tyrick Mitchell,eng ENG,MF,Crystal Palace,26-256,1999.0,36,3116.0,87.0,96.2,34.6,35,88.0,30,1,45.0,0,1.22,35.0,44.0,-9.0,-0.26,-0.26,Matches
430,Kaoru Mitoma,jp JPN,"MF,FW",Brighton,28-360,1997.0,25,1721.0,69.0,53.1,19.1,19,82.0,10,6,28.0,0,1.4,24.0,20.0,4.0,0.21,-0.15,Matches
431,Simon Moore,eng ENG,GK,Sunderland,35-361,1990.0,0,,,,,0,,0,0,,4,,,,,,,Matches
432,Jack Moorhouse,ie IRL,MF,Manchester Utd,20-167,2005.0,0,,,,,0,,0,0,,2,,,,,,,Matches
433,Morato,br BRA,DF,Nottingham Forest,24-319,2001.0,19,1165.0,61.0,36.0,12.9,12,89.0,11,7,14.0,16,1.37,10.0,19.0,-9.0,-0.7,-1.0,Matches
434,Kieran Morrison,nir NIR,MF,Liverpool,19-187,2006.0,0,,,,,0,,0,0,,7,,,,,,,Matches
435,Cristhian Mosquera,es ESP,DF,Arsenal,21-322,2004.0,18,814.0,45.0,25.1,9.0,7,71.0,3,11,29.0,11,2.06,14.0,7.0,7.0,0.77,-0.52,Matches
436,Yerson Mosquera,co COL,DF,Wolves,25-013,2001.0,25,1956.0,78.0,60.4,21.7,22,85.0,15,3,26.0,6,0.68,19.0,38.0,-19.0,-0.87,0.67,Matches
437,Mason Mount,eng ENG,MF,Manchester Utd,27-125,1999.0,21,934.0,44.0,28.8,10.4,11,70.0,3,10,17.0,6,1.76,16.0,15.0,1.0,0.1,-0.45,Matches
438,Divine Mukasa,eng ENG,MF,Manchester City,18-266,2007.0,2,27.0,14.0,0.8,0.3,0,,0,2,14.0,9,1.5,0.0,0.0,0.0,0.0,-1.2,Matches
439,Nordi Mukiele,fr FRA,DF,Sunderland,28-195,1997.0,30,2604.0,87.0,80.4,28.9,30,87.0,27,0,,1,1.27,29.0,38.0,-9.0,-0.31,-0.31,Matches
440,Romaine Mundle,eng ENG,MF,Sunderland,23-021,2003.0,14,411.0,29.0,12.7,4.6,2,66.0,0,12,23.0,1,1.14,5.0,11.0,-6.0,-1.31,-1.22,Matches
441,Marshall Munetsi,zw ZIM,"MF,FW",Wolves,29-327,1996.0,13,875.0,67.0,27.0,9.7,9,86.0,6,4,24.0,1,0.15,6.0,19.0,-13.0,-1.34,-0.27,Matches
442,Rodrigo Muniz,br BRA,FW,Fulham,25-011,2001.0,19,863.0,45.0,26.6,9.6,8,76.0,1,11,23.0,0,1.32,8.0,11.0,-3.0,-0.31,-0.2,Matches
443,Daniel Muñoz,co COL,MF,Crystal Palace,29-354,1996.0,27,2264.0,84.0,69.9,25.2,27,84.0,21,0,,0,1.41,29.0,30.0,-1.0,-0.04,0.7,Matches
444,Murillo,br BRA,DF,Nottingham Forest,23-315,2002.0,25,2130.0,85.0,65.7,23.7,25,85.0,22,0,,1,1.24,29.0,29.0,0.0,0.0,0.16,Matches
445,Alex Murphy,ie IRL,DF,Newcastle United,21-324,2004.0,1,2.0,2.0,0.1,0.0,0,,0,1,2.0,22,0.0,0.0,1.0,-1.0,-45.0,-44.97,Matches
446,Jacob Murphy,eng ENG,"FW,MF",Newcastle United,31-080,1995.0,31,1556.0,50.0,48.0,17.3,18,71.0,1,13,22.0,3,1.26,24.0,18.0,6.0,0.35,0.77,Matches
447,Vitaliy Mykolenko,ua UKR,DF,Everton,26-351,1999.0,31,2778.0,90.0,85.7,30.9,31,90.0,28,0,,1,1.42,43.0,43.0,0.0,0.0,0.0,Matches
448,David Møller Wolfe,no NOR,"MF,DF",Wolves,24-022,2002.0,20,892.0,45.0,27.5,9.9,9,80.0,4,11,16.0,15,0.45,4.0,21.0,-17.0,-1.72,-0.8,Matches
449,Amara Nallo,eng ENG,DF,Liverpool,19-178,2006.0,0,,,,,0,,0,0,,1,,,,,,,Matches
450,El Hadji Mor Talla Ndiaye,sn SEN,DF,Liverpool,18-129,2008.0,0,,,,,0,,0,0,,2,,,,,,,Matches
451,Iliman Ndiaye,sn SEN,MF,Everton,26-070,2000.0,30,2598.0,87.0,80.2,28.9,30,87.0,19,0,,0,1.37,39.0,40.0,-1.0,-0.03,-0.17,Matches
452,Dan Ndoye,ch SUI,MF,Nottingham Forest,25-202,2000.0,24,1173.0,49.0,36.2,13.0,14,71.0,3,10,18.0,4,1.08,15.0,17.0,-2.0,-0.15,-0.15,Matches
453,Sean Neave,eng ENG,FW,Newcastle United,18-353,2007.0,0,,,,,0,,0,0,,12,,,,,,,Matches
454,Dan Neil,eng ENG,MF,Sunderland,24-153,2001.0,3,14.0,5.0,0.4,0.2,0,,0,3,5.0,19,1.33,0.0,0.0,0.0,0.0,0.25,Matches
455,Reiss Nelson,eng ENG,"FW,MF",Brentford,26-156,1999.0,9,124.0,14.0,3.8,1.4,0,,0,9,14.0,13,1.67,7.0,2.0,5.0,3.63,3.69,Matches
456,Pedro Neto,pt POR,MF,Chelsea,26-067,2000.0,32,2479.0,77.0,76.5,27.5,28,82.0,16,4,46.0,0,1.41,42.0,30.0,12.0,0.44,1.15,Matches
457,Luca Netz,de GER,"MF,DF",Nottingham Forest,23-000,2003.0,5,246.0,49.0,7.6,2.7,2,86.0,1,3,25.0,6,1.4,5.0,2.0,3.0,1.1,1.25,Matches
458,Rio Ngumoha,eng ENG,MF,Liverpool,17-259,2008.0,17,398.0,23.0,12.3,4.4,3,66.0,0,14,14.0,18,1.29,13.0,6.0,7.0,1.58,1.42,Matches
459,Eddie Nketiah,eng ENG,MF,Crystal Palace,26-350,1999.0,12,424.0,35.0,13.1,4.7,2,70.0,0,10,28.0,0,1.33,6.0,12.0,-6.0,-1.27,-1.18,Matches
460,Lukas Nmecha,de GER,FW,Leeds United,27-152,1998.0,29,962.0,33.0,29.7,10.7,9,69.0,0,20,17.0,3,1.1,13.0,20.0,-7.0,-0.65,-0.73,Matches
461,Gustavo Nunes,br BRA,MF,Brentford,20-176,2005.0,0,,,,,0,,0,0,,2,,,,,,,Matches
462,Matheus Nunes,pt POR,DF,Manchester City,27-261,1998.0,33,2772.0,84.0,85.6,30.8,31,87.0,27,2,35.0,2,2.24,67.0,27.0,40.0,1.3,0.72,Matches
463,Ethan Nwaneri,eng ENG,MF,Arsenal,19-055,2007.0,6,171.0,29.0,5.3,1.9,0,,0,6,29.0,11,2.67,8.0,0.0,8.0,4.21,3.21,Matches
464,Trey Nyoni,eng ENG,MF,Liverpool,18-319,2007.0,5,16.0,3.0,0.5,0.2,0,,0,5,3.0,22,2.6,0.0,1.0,-1.0,-5.63,-5.99,Matches
465,Christian Nørgaard,dk DEN,MF,Arsenal,32-066,1994.0,6,61.0,10.0,1.9,0.7,0,,0,6,10.0,21,3.0,2.0,1.0,1.0,1.48,0.31,Matches
466,Jake O'Brien,ie IRL,DF,Everton,25-000,2001.0,35,2972.0,85.0,91.7,33.0,33,88.0,29,2,42.0,0,1.4,43.0,43.0,0.0,0.0,0.0,Matches
467,Luke O'Nien,eng ENG,DF,Sunderland,31-175,1994.0,10,411.0,41.0,12.7,4.6,4,90.0,4,6,9.0,17,1.3,7.0,5.0,2.0,0.44,0.79,Matches
468,Matt O'Riley,dk DEN,MF,Brighton,25-175,2000.0,6,204.0,34.0,6.3,2.3,2,89.0,1,4,7.0,5,1.33,2.0,3.0,-1.0,-0.44,-0.77,Matches
469,Chidozie Obi-Martin,dk DEN,FW,Manchester Utd,18-167,2007.0,0,,,,,0,,0,0,,1,,,,,,,Matches
470,Wilson Odobert,fr FRA,"MF,FW",Tottenham Hotspur,21-168,2004.0,24,985.0,41.0,30.4,10.9,10,68.0,1,14,22.0,2,1.08,16.0,13.0,3.0,0.27,0.75,Matches
471,Temple Ojinnaka,it ITA,MF,Wolves,21-046,2005.0,0,,,,,0,,0,0,,2,,,,,,,Matches
472,Noah Okafor,ch SUI,"FW,MF",Leeds United,25-356,2000.0,28,1561.0,56.0,48.2,17.3,19,72.0,1,9,22.0,1,1.32,29.0,26.0,3.0,0.17,0.6,Matches
473,Saheed Olagunju,ng NGA,DF,Wolves,19-128,2007.0,0,,,,,0,,0,0,,5,,,,,,,Matches
474,Callum Olusesi,eng ENG,MF,Tottenham Hotspur,19-118,2007.0,1,15.0,15.0,0.5,0.2,0,,0,1,15.0,7,1.0,1.0,0.0,1.0,6.0,6.28,Matches
475,Wellity Omoruyi,es ESP,DF,Liverpool,20-123,2006.0,0,,,,,0,,0,0,,4,,,,,,,Matches
476,Amadou Onana,be BEL,MF,Aston Villa,24-272,2001.0,24,1740.0,73.0,53.7,19.3,21,81.0,11,3,16.0,1,1.92,28.0,26.0,2.0,0.1,-0.02,Matches
477,André Onana,cm CMR,GK,Manchester Utd,30-043,1996.0,0,,,,,0,,0,0,,2,,,,,,,Matches
478,Tyler Onyango,eng ENG,MF,Everton,23-072,2003.0,0,,,,,0,,0,0,,3,,,,,,,Matches
479,Frank Onyeka,ng NGA,MF,Brentford,28-134,1998.0,6,92.0,15.0,2.8,1.0,0,,0,6,15.0,10,1.5,3.0,2.0,1.0,0.98,0.92,Matches
480,Nehemiah Oriola,eng ENG,MF,Brighton,18-338,2007.0,1,1.0,1.0,0.0,0.0,0,,0,1,1.0,6,3.0,0.0,0.0,0.0,0.0,-0.28,Matches
481,Stefan Ortega,de GER,GK,Nottingham Forest,33-190,1992.0,3,270.0,90.0,8.3,3.0,3,90.0,3,0,,6,0.33,1.0,4.0,-3.0,-1.0,-1.03,Matches
482,Stefan Ortega,de GER,GK,Manchester City,33-190,1992.0,0,,,,,0,,0,0,,1,,,,,,,Matches
483,William Osula,dk DEN,FW,Newcastle United,22-284,2003.0,22,670.0,30.0,20.7,7.4,6,78.0,2,16,13.0,2,1.0,8.0,12.0,-4.0,-0.54,-0.61,Matches
484,Dango Ouattara,bf BFA,MF,Brentford,24-093,2002.0,30,2096.0,70.0,64.7,23.3,23,84.0,10,7,25.0,0,1.27,32.0,32.0,0.0,0.0,-0.24,Matches
485,Riley Owen,eng ENG,MF,Brentford,20-264,2005.0,0,,,,,0,,0,0,,1,,,,,,,Matches
486,Nico O’Reilly,eng ENG,"DF,MF",Manchester City,21-055,2005.0,33,2556.0,77.0,78.9,28.4,28,86.0,21,5,27.0,1,2.21,62.0,24.0,38.0,1.34,0.68,Matches
487,Pablo,br BRA,"MF,FW",West Ham United,22-133,2004.0,12,750.0,63.0,23.1,8.3,9,76.0,2,3,21.0,1,1.42,11.0,11.0,0.0,0.0,0.72,Matches
488,João Palhinha,pt POR,MF,Tottenham Hotspur,30-310,1995.0,31,2041.0,66.0,63.0,22.7,21,85.0,14,10,26.0,2,1.13,30.0,35.0,-5.0,-0.22,0.08,Matches
489,Cole Palmer,eng ENG,MF,Chelsea,24-009,2002.0,24,1777.0,74.0,54.8,19.7,22,78.0,11,2,33.0,1,1.0,29.0,30.0,-1.0,-0.05,-0.48,Matches
490,Lucas Paquetá,br BRA,"MF,FW",West Ham United,28-261,1997.0,18,1511.0,84.0,46.6,16.8,18,84.0,8,0,,0,0.67,18.0,32.0,-14.0,-0.83,-0.52,Matches
491,Anthony Patterson,eng ENG,GK,Sunderland,26-005,2000.0,0,,,,,0,,0,0,,23,,,,,,,Matches
492,Nathan Patterson,sct SCO,DF,Everton,24-211,2001.0,7,241.0,34.0,7.4,2.7,3,77.0,1,4,3.0,20,1.57,3.0,2.0,1.0,0.37,0.4,Matches
493,Travis Patterson,eng ENG,DF,Aston Villa,20-221,2005.0,0,,,,,0,,0,0,,1,,,,,,,Matches
494,Myles Peart-Harris,eng ENG,MF,Brentford,23-239,2002.0,1,1.0,1.0,0.0,0.0,0,,0,1,1.0,4,3.0,0.0,0.0,0.0,0.0,-0.08,Matches
495,Ármin Pécsi,hu HUN,GK,Liverpool,21-080,2005.0,0,,,,,0,,0,0,,4,,,,,,,Matches
496,Andreas Pereira,br BRA,MF,Fulham,30-134,1996.0,0,,,,,0,,0,0,,1,,,,,,,Matches
497,Lucas Perri,br BRA,GK,Leeds United,28-156,1997.0,16,1440.0,90.0,44.4,16.0,16,90.0,16,0,,16,1.13,23.0,29.0,-6.0,-0.37,-0.42,Matches
498,Đorđe Petrović,rs SRB,GK,Bournemouth,26-219,1999.0,36,3240.0,90.0,100.0,36.0,36,90.0,36,0,,0,1.53,56.0,52.0,4.0,0.11,,Matches
499,Jordan Pickford,eng ENG,GK,Everton,32-069,1994.0,36,3240.0,90.0,100.0,36.0,36,90.0,36,0,,0,1.36,46.0,46.0,0.0,0.0,,Matches
500,Oliver Pimlott,eng ENG,MF,Burnley,19-038,2007.0,0,,,,,0,,0,0,,2,,,,,,,Matches
501,Ethan Pinnock,jm JAM,DF,Brentford,32-351,1993.0,4,318.0,80.0,9.8,3.5,4,80.0,1,0,,30,0.5,2.0,5.0,-3.0,-0.85,-1.03,Matches
502,Yeremi Pino,es ESP,"MF,FW",Crystal Palace,23-207,2002.0,32,1990.0,62.0,61.4,22.1,25,74.0,4,7,20.0,2,1.19,18.0,26.0,-8.0,-0.36,-0.29,Matches
503,Joël Piroe,sr SUR,FW,Leeds United,26-286,1999.0,14,228.0,16.0,7.0,2.5,2,67.0,0,12,8.0,21,0.86,3.0,7.0,-4.0,-1.58,-1.55,Matches
504,Alfie Pond,eng ENG,DF,Wolves,22-075,2004.0,0,,,,,0,,0,0,,1,,,,,,,Matches
505,Nick Pope,eng ENG,GK,Newcastle United,34-026,1992.0,25,2236.0,89.0,69.0,24.8,25,89.0,24,0,,6,1.28,34.0,35.0,-1.0,-0.04,0.05,Matches
506,Pedro Porro,es ESP,DF,Tottenham Hotspur,26-244,1999.0,32,2616.0,82.0,80.7,29.1,30,86.0,24,2,21.0,0,1.16,38.0,38.0,0.0,0.0,1.3,Matches
507,Freddie Potts,eng ENG,MF,West Ham United,22-245,2003.0,22,1171.0,53.0,36.1,13.0,12,77.0,4,10,25.0,9,1.09,17.0,25.0,-8.0,-0.61,-0.09,Matches
508,Sam Proctor,eng ENG,GK,Aston Villa,19-145,2006.0,0,,,,,0,,0,0,,4,,,,,,,Matches
509,Jesurun Rak Sakyi,eng ENG,"FW,MF",Crystal Palace,23-222,2002.0,0,,,,,0,,0,0,,1,,,,,,,Matches
510,Largie Ramazani,be BEL,"FW,MF",Leeds United,25-077,2001.0,0,,,,,0,,0,0,,1,,,,,,,Matches
511,Calvin Ramsay,sct SCO,DF,Liverpool,22-288,2003.0,0,,,,,0,,0,0,,17,,,,,,,Matches
512,Aaron Ramsdale,eng ENG,GK,Newcastle United,28-001,1998.0,12,1004.0,84.0,31.0,11.2,11,90.0,11,1,14.0,24,1.17,16.0,17.0,-1.0,-0.09,-0.05,Matches
513,Aaron Ramsey,eng ENG,MF,Burnley,23-114,2003.0,0,,,,,0,,0,0,,3,,,,,,,Matches
514,Jacob Ramsey,eng ENG,MF,Newcastle United,24-352,2001.0,26,1270.0,49.0,39.2,14.1,13,74.0,5,13,24.0,5,1.15,21.0,26.0,-5.0,-0.35,-0.49,Matches
515,Luke Rawlings,eng ENG,MF,Wolves,18-041,2008.0,0,,,,,0,,0,0,,5,,,,,,,Matches
516,David Raya,es ESP,GK,Arsenal,30-242,1995.0,36,3240.0,90.0,100.0,36.0,36,90.0,36,0,,0,2.19,68.0,26.0,42.0,1.17,,Matches
517,Rayan,br BRA,MF,Bournemouth,19-285,2006.0,13,956.0,74.0,29.5,10.6,11,83.0,2,2,24.0,0,1.92,14.0,9.0,5.0,0.47,0.51,Matches
518,Harrison Reed,eng ENG,MF,Fulham,31-108,1995.0,7,94.0,13.0,2.9,1.0,1,63.0,0,6,5.0,21,1.57,2.0,4.0,-2.0,-1.91,-1.8,Matches
519,Remy Rees-Dottin,eng ENG,FW,Bournemouth,20-070,2006.0,0,,,,,0,,0,0,,7,,,,,,,Matches
520,Tijjani Reijnders,nl NED,MF,Manchester City,27-290,1998.0,27,1555.0,58.0,48.0,17.3,18,78.0,6,9,18.0,9,2.0,31.0,15.0,16.0,0.93,-0.52,Matches
521,Chadi Riad,ma MAR,DF,Crystal Palace,22-332,2003.0,7,389.0,56.0,12.0,4.3,4,74.0,1,3,31.0,8,1.0,5.0,5.0,0.0,0.0,0.28,Matches
522,Declan Rice,eng ENG,MF,Arsenal,27-121,1999.0,35,3004.0,86.0,92.7,33.4,34,88.0,28,1,23.0,0,2.17,61.0,25.0,36.0,1.08,-1.21,Matches
523,Chris Richards,us USA,DF,Crystal Palace,26-048,2000.0,32,2797.0,87.0,86.3,31.1,31,90.0,30,1,15.0,1,1.31,37.0,41.0,-4.0,-0.13,0.89,Matches
524,Richarlison,br BRA,"FW,MF",Tottenham Hotspur,29-005,1997.0,30,1802.0,60.0,55.6,20.0,18,83.0,11,12,25.0,1,1.17,27.0,25.0,2.0,0.1,0.79,Matches
525,Seth Ridgeon,eng ENG,MF,Fulham,17-245,2008.0,0,,,,,0,,0,0,,5,,,,,,,Matches
526,Chris Rigg,eng ENG,MF,Sunderland,18-331,2007.0,16,746.0,47.0,23.0,8.3,11,65.0,2,5,6.0,18,1.63,8.0,11.0,-3.0,-0.36,-0.15,Matches
527,Patrick Roberts,eng ENG,"FW,MF",Sunderland,29-099,1997.0,1,28.0,28.0,0.9,0.3,0,,0,1,28.0,2,0.0,0.0,1.0,-1.0,-3.21,-2.99,Matches
528,Andrew Robertson,sct SCO,DF,Liverpool,32-065,1994.0,23,1094.0,48.0,33.8,12.2,10,80.0,4,13,23.0,13,1.61,21.0,15.0,6.0,0.49,0.24,Matches
529,Antonee Robinson,us USA,"DF,MF",Fulham,28-280,1997.0,20,1312.0,66.0,40.5,14.6,15,82.0,10,5,17.0,5,1.3,10.0,18.0,-8.0,-0.55,-0.64,Matches
530,Kaden Rodney,eng ENG,"DF,MF",Crystal Palace,21-220,2004.0,1,4.0,4.0,0.1,0.0,0,,0,1,4.0,10,0.0,0.0,0.0,0.0,0.0,0.25,Matches
531,Joe Rodon,wls WAL,DF,Leeds United,28-205,1997.0,33,2771.0,84.0,85.5,30.8,31,88.0,28,2,23.0,0,1.18,41.0,49.0,-8.0,-0.26,-0.84,Matches
532,Rodri,es ESP,MF,Manchester City,29-327,1996.0,20,1421.0,71.0,43.9,15.8,16,83.0,11,4,22.0,1,1.85,27.0,14.0,13.0,0.82,-0.66,Matches
533,Guido Rodríguez,ar ARG,MF,West Ham United,32-033,1994.0,6,180.0,30.0,5.6,2.0,2,67.0,0,4,12.0,15,0.67,1.0,2.0,-1.0,-0.5,0.06,Matches
534,Robin Roefs,nl NED,GK,Sunderland,23-118,2003.0,33,2970.0,90.0,91.7,33.0,33,90.0,33,0,,0,1.27,34.0,44.0,-10.0,-0.3,-0.64,Matches
535,Mads Roerslev,dk DEN,"DF,MF",Brentford,26-325,1999.0,0,,,,,0,,0,0,,1,,,,,,,Matches
536,Morgan Rogers,eng ENG,MF,Aston Villa,23-293,2002.0,36,3190.0,89.0,98.5,35.4,36,89.0,31,0,,0,1.64,49.0,46.0,3.0,0.08,-1.72,Matches
537,Merlin Röhl,de GER,MF,Everton,23-314,2002.0,14,534.0,38.0,16.5,5.9,4,87.0,2,10,19.0,11,1.21,11.0,10.0,1.0,0.17,0.2,Matches
538,Cristian Romero,ar ARG,DF,Tottenham Hotspur,28-018,1998.0,23,1868.0,81.0,57.7,20.8,22,84.0,15,1,31.0,0,1.0,26.0,31.0,-5.0,-0.24,0.02,Matches
539,Leon Routh,eng ENG,DF,Aston Villa,18-166,2007.0,0,,,,,0,,0,0,,2,,,,,,,Matches
540,Triston Rowe,eng ENG,DF,Aston Villa,19-362,2006.0,0,,,,,0,,0,0,,2,,,,,,,Matches
541,James Rowswell,eng ENG,DF,Tottenham Hotspur,19-306,2006.0,1,1.0,1.0,0.0,0.0,0,,0,1,1.0,6,1.0,0.0,0.0,0.0,0.0,0.25,Matches
542,John Ruddy,eng ENG,GK,Newcastle United,39-203,1986.0,0,,,,,0,,0,0,,8,,,,,,,Matches
543,Georginio Rutter,fr FRA,"MF,FW",Brighton,24-025,2002.0,30,1743.0,58.0,53.8,19.4,20,78.0,4,10,19.0,4,1.47,27.0,19.0,8.0,0.41,0.29,Matches
544,José Sá,pt POR,GK,Wolves,33-118,1993.0,21,1890.0,90.0,58.3,21.0,21,90.0,21,0,,11,0.71,18.0,35.0,-17.0,-0.81,0.79,Matches
545,Dominic Sadi,eng ENG,MF,Bournemouth,22-255,2003.0,0,,,,,0,,0,0,,2,,,,,,,Matches
546,Noah Sadiki,cd COD,MF,Sunderland,21-149,2004.0,31,2723.0,88.0,84.0,30.3,31,88.0,25,0,,0,1.42,34.0,40.0,-6.0,-0.2,0.32,Matches
547,Bukayo Saka,eng ENG,"FW,MF",Arsenal,24-252,2001.0,30,2132.0,71.0,65.8,23.7,24,82.0,14,6,27.0,0,2.33,45.0,16.0,29.0,1.22,0.17,Matches
548,Mohamed Salah,eg EGY,MF,Liverpool,33-334,1992.0,25,2056.0,82.0,63.5,22.8,22,87.0,16,3,46.0,2,1.76,38.0,33.0,5.0,0.22,-0.31,Matches
549,William Saliba,fr FRA,DF,Arsenal,25-052,2001.0,30,2524.0,84.0,77.9,28.0,29,85.0,27,1,45.0,0,2.27,59.0,20.0,39.0,1.39,1.01,Matches
550,Marli Salmon,eng ENG,DF,Arsenal,16-259,2009.0,0,,,,,0,,0,0,,3,,,,,,,Matches
551,Robert Sánchez,es ESP,GK,Chelsea,28-178,1997.0,33,2859.0,87.0,88.2,31.8,33,87.0,31,0,,1,1.33,47.0,44.0,3.0,0.09,-0.61,Matches
552,Jadon Sancho,eng ENG,MF,Aston Villa,26-051,2000.0,22,875.0,40.0,27.0,9.7,9,67.0,0,13,21.0,6,1.68,12.0,9.0,3.0,0.31,0.27,Matches
553,Ibrahim Sangaré,ci CIV,MF,Nottingham Forest,28-164,1997.0,26,1990.0,77.0,61.4,22.1,24,82.0,16,2,8.0,3,1.38,30.0,24.0,6.0,0.27,0.85,Matches
554,Andrey Santos,br BRA,MF,Chelsea,22-012,2004.0,26,1170.0,45.0,36.1,13.0,12,70.0,3,14,24.0,9,1.42,19.0,17.0,2.0,0.15,-0.02,Matches
555,Ismaila Sarr,sn SEN,MF,Crystal Palace,28-079,1998.0,26,2040.0,78.0,63.0,22.7,22,87.0,18,4,34.0,0,1.23,29.0,26.0,3.0,0.13,1.03,Matches
556,Mamadou Sarr,sn SEN,DF,Chelsea,20-259,2005.0,2,92.0,46.0,2.8,1.0,1,89.0,0,1,3.0,7,0.5,1.0,3.0,-2.0,-1.96,-2.19,Matches
557,Sávio,br BRA,MF,Manchester City,22-035,2004.0,22,708.0,32.0,21.9,7.9,6,76.0,2,16,16.0,3,2.45,13.0,5.0,8.0,1.02,-0.23,Matches
558,Nicolò Savona,it ITA,DF,Nottingham Forest,23-057,2003.0,14,1028.0,73.0,31.7,11.4,11,85.0,9,3,31.0,4,0.93,13.0,18.0,-5.0,-0.44,-0.56,Matches
559,Oliver Scarles,eng ENG,"DF,MF",West Ham United,20-154,2005.0,13,659.0,51.0,20.3,7.3,9,69.0,4,4,9.0,15,0.85,8.0,16.0,-8.0,-1.09,-0.67,Matches
560,Dane Scarlett,eng ENG,FW,Tottenham Hotspur,22-052,2004.0,2,9.0,5.0,0.3,0.1,0,,0,2,5.0,9,1.0,1.0,0.0,1.0,10.0,10.28,Matches
561,Kevin Schade,de GER,"MF,FW",Brentford,24-169,2001.0,33,2627.0,80.0,81.1,29.2,31,82.0,17,2,45.0,0,1.39,39.0,33.0,6.0,0.21,0.65,Matches
562,Fabian Schär,ch SUI,DF,Newcastle United,34-146,1991.0,16,1091.0,68.0,33.7,12.1,11,88.0,9,5,25.0,3,1.75,16.0,13.0,3.0,0.25,0.46,Matches
563,Alex Scott,eng ENG,MF,Bournemouth,22-267,2003.0,36,2759.0,77.0,85.2,30.7,33,80.0,18,3,39.0,0,1.53,49.0,41.0,8.0,0.26,1.01,Matches
564,Jenson Seelt,nl NED,DF,Sunderland,22-357,2003.0,2,134.0,67.0,4.1,1.5,1,52.0,0,1,82.0,1,1.5,0.0,2.0,-2.0,-1.34,-1.14,Matches
565,Matz Sels,be BEL,GK,Nottingham Forest,34-078,1992.0,29,2488.0,86.0,76.8,27.6,28,88.0,27,1,13.0,3,1.34,39.0,35.0,4.0,0.14,0.86,Matches
566,Antoine Semenyo,gh GHA,"MF,FW",Manchester City,26-128,2000.0,15,1285.0,86.0,39.7,14.3,15,86.0,9,0,,0,2.27,27.0,12.0,15.0,1.05,-0.24,Matches
567,Antoine Semenyo,gh GHA,MF,Bournemouth,26-128,2000.0,20,1798.0,90.0,55.5,20.0,20,90.0,18,0,,0,1.25,31.0,38.0,-7.0,-0.35,-1.04,Matches
568,Marcos Senesi,ar ARG,DF,Bournemouth,29-005,1997.0,35,3108.0,89.0,95.9,34.5,35,89.0,33,0,,0,1.57,54.0,51.0,3.0,0.09,-0.59,Matches
569,Benjamin Šeško,si SVN,FW,Manchester Utd,22-349,2003.0,30,1643.0,55.0,50.7,18.3,17,79.0,8,13,23.0,1,1.8,37.0,30.0,7.0,0.38,-0.07,Matches
570,Ryan Sessegnon,eng ENG,"DF,MF",Fulham,25-362,2000.0,27,1823.0,68.0,56.3,20.3,20,85.0,14,7,19.0,0,1.33,32.0,29.0,3.0,0.15,0.72,Matches
571,Park Seungsoo,kr KOR,MF,Newcastle United,19-059,2007.0,0,,,,,0,,0,0,,1,,,,,,,Matches
572,Leo Shahar,eng ENG,DF,Newcastle United,19-058,2007.0,0,,,,,0,,0,0,,11,,,,,,,Matches
573,Teddy Sharman,eng ENG,GK,Chelsea,23-116,2003.0,0,,,,,0,,0,0,,9,,,,,,,Matches
574,Luke Shaw,eng ENG,DF,Manchester Utd,30-307,1995.0,36,3048.0,85.0,94.1,33.9,36,85.0,22,0,,0,1.81,60.0,43.0,17.0,0.5,1.44,Matches
575,Ollie Shield,eng ENG,MF,Brentford,19-232,2006.0,0,,,,,0,,0,0,,7,,,,,,,Matches
576,Bernardo Silva,pt POR,MF,Manchester City,31-278,1994.0,36,2759.0,77.0,85.2,30.7,32,83.0,14,4,23.0,0,2.14,66.0,28.0,38.0,1.24,0.3,Matches
577,Jota Silva,pt POR,FW,Nottingham Forest,26-287,1999.0,1,12.0,12.0,0.4,0.1,0,,0,1,12.0,0,3.0,0.0,0.0,0.0,0.0,0.06,Matches
578,Eric da Silva Moreira,de GER,DF,Nottingham Forest,20-012,2006.0,0,,,,,0,,0,0,,2,,,,,,,Matches
579,Freddie Simmonds,eng ENG,DF,Brighton,18-067,2008.0,0,,,,,0,,0,0,,1,,,,,,,Matches
580,Xavi Simons,nl NED,"MF,FW",Tottenham Hotspur,23-024,2003.0,28,1755.0,63.0,54.2,19.5,19,78.0,10,9,30.0,0,0.82,26.0,33.0,-7.0,-0.36,-0.24,Matches
581,Jimmy Sinclair,eng ENG,MF,Nottingham Forest,19-277,2006.0,0,,,,,0,,0,0,,1,,,,,,,Matches
582,Gaga Slonina,us USA,GK,Chelsea,22-000,2004.0,0,,,,,0,,0,0,,5,,,,,,,Matches
583,Adam Smith,eng ENG,DF,Bournemouth,35-016,1991.0,20,899.0,45.0,27.7,10.0,12,71.0,5,8,7.0,11,1.5,16.0,15.0,1.0,0.1,-0.02,Matches
584,Emile Smith Rowe,eng ENG,MF,Fulham,25-291,2000.0,35,1774.0,51.0,54.8,19.7,20,73.0,1,15,21.0,0,1.34,25.0,27.0,-2.0,-0.1,0.14,Matches
585,Dominic Solanke,eng ENG,FW,Tottenham Hotspur,28-243,1997.0,15,1001.0,67.0,30.9,11.1,11,83.0,7,4,23.0,0,0.87,11.0,21.0,-10.0,-0.9,-0.94,Matches
586,Julio Soler,ar ARG,DF,Bournemouth,21-088,2005.0,3,35.0,12.0,1.1,0.4,0,,0,3,12.0,14,1.0,0.0,2.0,-2.0,-5.14,-5.31,Matches
587,Manor Solomon,il ISR,"FW,MF",Tottenham Hotspur,26-295,1999.0,0,,,,,0,,0,0,,1,,,,,,,Matches
588,Oliver Sonne,pe PER,DF,Burnley,25-186,2000.0,7,169.0,24.0,5.2,1.9,1,73.0,0,6,16.0,3,0.71,3.0,4.0,-1.0,-0.53,0.49,Matches
589,Borna Sosa,hr CRO,"DF,MF",Crystal Palace,28-114,1998.0,7,101.0,14.0,3.1,1.1,0,,0,7,14.0,23,0.71,3.0,2.0,1.0,0.89,1.18,Matches
590,Tomáš Souček,cz CZE,MF,West Ham United,31-077,1995.0,33,2048.0,62.0,63.2,22.8,22,84.0,14,11,19.0,0,1.06,29.0,39.0,-10.0,-0.44,0.32,Matches
591,Souza,br BRA,MF,Tottenham Hotspur,19-333,2006.0,4,144.0,36.0,4.4,1.6,2,49.0,0,2,24.0,7,0.25,1.0,3.0,-2.0,-1.25,-1.05,Matches
592,Djed Spence,eng ENG,"DF,MF",Tottenham Hotspur,25-279,2000.0,28,1943.0,69.0,60.0,21.6,22,83.0,15,6,20.0,4,1.18,28.0,31.0,-3.0,-0.14,0.28,Matches
593,Anton Stach,de GER,MF,Leeds United,27-181,1998.0,28,2297.0,82.0,70.9,25.5,27,84.0,19,1,31.0,1,0.96,31.0,36.0,-5.0,-0.2,-0.2,Matches
594,Jason Steele,eng ENG,GK,Brighton,35-270,1990.0,0,,,,,0,,0,0,,36,,,,,,,Matches
595,Joshua Stephenson,,MF,Brentford,,,0,,,,,0,,0,0,,3,,,,,,,Matches
596,Charlie Stevens,wls WAL,MF,Bournemouth,18-349,2007.0,0,,,,,0,,0,0,,1,,,,,,,Matches
597,John Stones,eng ENG,DF,Manchester City,31-352,1994.0,8,362.0,45.0,11.2,4.0,4,80.0,2,4,10.0,14,1.63,6.0,8.0,-2.0,-0.5,-1.9,Matches
598,Jørgen Strand Larsen,no NOR,FW,Wolves,26-098,2000.0,22,1404.0,64.0,43.3,15.6,14,83.0,7,8,31.0,0,0.36,6.0,26.0,-20.0,-1.28,-0.25,Matches
599,Jørgen Strand Larsen,no NOR,FW,Crystal Palace,26-098,2000.0,12,767.0,64.0,23.7,8.5,10,72.0,3,2,26.0,0,1.25,10.0,12.0,-2.0,-0.23,0.02,Matches
600,Pascal Struijk,nl NED,DF,Leeds United,26-277,1999.0,33,2846.0,86.0,87.8,31.6,32,89.0,30,1,9.0,2,1.21,42.0,45.0,-3.0,-0.09,0.36,Matches
601,Crysencio Summerville,nl NED,"MF,FW",West Ham United,24-197,2001.0,29,2290.0,79.0,70.7,25.4,27,83.0,12,2,19.0,0,1.14,30.0,39.0,-9.0,-0.35,0.69,Matches
602,Ethan Sutherland,sct SCO,FW,Wolves,20-020,2006.0,0,,,,,0,,0,0,,2,,,,,,,Matches
603,Dominik Szoboszlai,hu HUN,"MF,DF",Liverpool,25-202,2000.0,34,3051.0,90.0,94.2,33.9,34,90.0,32,0,,0,1.56,57.0,46.0,11.0,0.32,-0.15,Matches
604,Jocelin Ta Bi,ci CIV,MF,Sunderland,21-095,2005.0,1,38.0,38.0,1.2,0.4,1,38.0,0,0,,2,0.0,0.0,0.0,0.0,0.0,0.25,Matches
605,Kōta Takai,jp JPN,DF,Tottenham Hotspur,21-253,2004.0,0,,,,,0,,0,0,,1,,,,,,,Matches
606,Chemsdine Talbi,ma MAR,"MF,FW",Sunderland,21-006,2005.0,27,1530.0,57.0,47.2,17.0,16,78.0,2,11,25.0,3,1.41,21.0,14.0,7.0,0.41,1.25,Matches
607,Ao Tanaka,jp JPN,MF,Leeds United,27-247,1998.0,26,1179.0,45.0,36.4,13.1,12,76.0,0,14,19.0,9,1.42,22.0,20.0,2.0,0.15,0.46,Matches
608,James Tarkowski,eng ENG,DF,Everton,33-177,1992.0,35,3150.0,90.0,97.2,35.0,35,90.0,35,0,,0,1.4,46.0,44.0,2.0,0.06,2.06,Matches
609,Charlie Tasker,eng ENG,DF,Brighton,20-080,2006.0,0,,,,,0,,0,0,,1,,,,,,,Matches
610,Marcus Tavernier,eng ENG,MF,Bournemouth,27-054,1999.0,32,2552.0,80.0,78.8,28.4,29,85.0,13,3,24.0,0,1.41,43.0,42.0,1.0,0.04,-0.36,Matches
611,Loum Tchaouna,fr FRA,"MF,FW",Burnley,22-249,2003.0,27,1117.0,41.0,34.5,12.4,12,70.0,2,15,18.0,9,0.41,12.0,22.0,-10.0,-0.81,0.3,Matches
612,Jackson Tchatchoua,cm CMR,"MF,DF",Wolves,24-243,2001.0,31,1845.0,60.0,56.9,20.5,19,82.0,14,12,24.0,4,0.55,17.0,37.0,-20.0,-0.98,0.38,Matches
613,Mathys Tel,fr FRA,"MF,FW",Tottenham Hotspur,21-018,2005.0,29,1187.0,41.0,36.6,13.2,11,77.0,2,18,19.0,7,0.97,24.0,21.0,3.0,0.23,0.75,Matches
614,Kenny Tete,nl NED,DF,Fulham,30-218,1995.0,22,1791.0,81.0,55.3,19.9,21,85.0,15,1,8.0,4,1.55,24.0,24.0,0.0,0.0,0.37,Matches
615,Igor Thiago,br BRA,FW,Brentford,24-323,2001.0,36,3102.0,86.0,95.7,34.5,35,88.0,28,1,31.0,0,1.42,49.0,46.0,3.0,0.09,0.09,Matches
616,Malick Thiaw,de GER,DF,Newcastle United,24-280,2001.0,33,2785.0,84.0,86.0,30.9,31,88.0,29,2,24.0,3,1.24,44.0,49.0,-5.0,-0.16,-0.75,Matches
617,Jim Thwaites,eng ENG,MF,Manchester Utd,18-146,2007.0,0,,,,,0,,0,0,,1,,,,,,,Matches
618,Youri Tielemans,be BEL,MF,Aston Villa,29-008,1997.0,23,1755.0,76.0,54.2,19.5,20,85.0,14,3,22.0,0,1.78,28.0,26.0,2.0,0.1,-0.02,Matches
619,Jurriën Timber,nl NED,DF,Arsenal,24-332,2001.0,30,2454.0,82.0,75.7,27.3,28,85.0,23,2,34.0,0,2.23,51.0,20.0,31.0,1.14,-0.12,Matches
620,Jean-Clair Todibo,fr FRA,DF,West Ham United,26-136,1999.0,22,1789.0,81.0,55.2,19.9,21,85.0,16,1,1.0,7,1.05,25.0,34.0,-9.0,-0.45,0.23,Matches
621,Sandro Tonali,it ITA,MF,Newcastle United,26-007,2000.0,34,2482.0,73.0,76.6,27.6,30,81.0,16,4,12.0,0,1.26,30.0,37.0,-7.0,-0.25,-0.85,Matches
622,Pau Torres,es ESP,DF,Aston Villa,29-119,1997.0,19,1568.0,83.0,48.4,17.4,17,88.0,14,2,38.0,11,1.79,24.0,17.0,7.0,0.4,0.56,Matches
623,Alex Tóth,hu HUN,MF,Bournemouth,20-204,2005.0,8,84.0,11.0,2.6,0.9,1,57.0,0,7,4.0,6,2.5,2.0,2.0,0.0,0.0,-0.11,Matches
624,James Trafford,eng ENG,GK,Manchester City,23-217,2002.0,3,270.0,90.0,8.3,3.0,3,90.0,3,0,,33,1.0,5.0,4.0,1.0,0.33,-0.94,Matches
625,Adama Traoré,es ESP,"FW,MF",West Ham United,30-110,1996.0,9,121.0,13.0,3.7,1.3,0,,0,9,13.0,3,1.22,1.0,5.0,-4.0,-2.98,-2.51,Matches
626,Adama Traoré,es ESP,MF,Fulham,30-110,1996.0,15,274.0,18.0,8.5,3.0,1,75.0,0,14,14.0,6,1.2,4.0,7.0,-3.0,-0.99,-0.89,Matches
627,Bertrand Traoré,bf BFA,"MF,FW",Sunderland,30-251,1995.0,12,632.0,53.0,19.5,7.0,9,64.0,0,3,19.0,3,1.75,7.0,9.0,-2.0,-0.28,-0.04,Matches
628,Mark Travers,ie IRL,GK,Everton,26-362,1999.0,0,,,,,0,,0,0,,35,,,,,,,Matches
629,Mike Trésor,be BEL,"FW,MF",Burnley,26-352,1999.0,6,43.0,7.0,1.3,0.5,0,,0,6,7.0,2,0.33,2.0,2.0,0.0,0.0,1.01,Matches
630,Kieran Trippier,eng ENG,DF,Newcastle United,35-238,1990.0,20,1502.0,75.0,46.4,16.7,17,84.0,11,3,23.0,7,0.95,19.0,26.0,-7.0,-0.42,-0.68,Matches
631,Leandro Trossard,be BEL,"FW,MF",Arsenal,31-162,1994.0,30,1911.0,64.0,59.0,21.2,20,81.0,5,10,30.0,3,2.2,41.0,15.0,26.0,1.22,0.14,Matches
632,Adrien Truffert,fr FRA,DF,Bournemouth,24-176,2001.0,36,3199.0,89.0,98.7,35.5,36,89.0,34,0,,0,1.53,56.0,49.0,7.0,0.2,6.78,Matches
633,Axel Tuanzebe,cd COD,DF,Burnley,28-182,1997.0,12,1021.0,85.0,31.5,11.3,12,85.0,10,0,,0,0.75,15.0,24.0,-9.0,-0.79,0.3,Matches
634,Timur Tuterov,ua UKR,MF,Sunderland,20-338,2005.0,0,,,,,0,,0,0,,4,,,,,,,Matches
635,Harry Tyrer,eng ENG,GK,Everton,24-160,2001.0,0,,,,,0,,0,0,,1,,,,,,,Matches
636,Stefanos Tzimas,gr GRE,FW,Brighton,20-129,2006.0,9,139.0,15.0,4.3,1.5,1,23.0,0,8,15.0,2,1.56,7.0,2.0,5.0,3.24,3.09,Matches
637,Christantus Uche,ng NGA,FW,Crystal Palace,22-361,2003.0,14,173.0,12.0,5.3,1.9,0,,0,14,12.0,11,0.64,3.0,4.0,-1.0,-0.52,-0.29,Matches
638,Destiny Udogie,it ITA,"DF,MF",Tottenham Hotspur,23-168,2002.0,18,1182.0,66.0,36.5,13.1,12,84.0,7,6,29.0,1,0.94,17.0,23.0,-6.0,-0.46,-0.33,Matches
639,Manuel Ugarte,uy URU,MF,Manchester Utd,25-034,2001.0,22,887.0,40.0,27.4,9.9,8,80.0,3,14,17.0,13,1.55,12.0,23.0,-11.0,-1.12,-2.11,Matches
640,Lesley Ugochukwu,fr FRA,MF,Burnley,22-050,2004.0,33,2192.0,66.0,67.7,24.4,25,78.0,5,8,29.0,2,0.61,27.0,48.0,-21.0,-0.86,0.43,Matches
641,Enes Ünal,tr TUR,FW,Bournemouth,29-005,1997.0,21,212.0,10.0,6.5,2.4,0,,0,21,10.0,4,1.71,8.0,2.0,6.0,2.55,2.61,Matches
642,Hákon Valdimarsson,is ISL,GK,Brentford,24-214,2001.0,1,90.0,90.0,2.8,1.0,1,90.0,1,0,,35,3.0,4.0,3.0,1.0,1.0,0.94,Matches
643,Virgil van Dijk,nl NED,DF,Liverpool,34-311,1991.0,36,3240.0,90.0,100.0,36.0,36,90.0,36,0,,0,1.64,60.0,48.0,12.0,0.33,,Matches
644,Joël Veltman,nl NED,DF,Brighton,34-120,1992.0,23,993.0,43.0,30.6,11.0,8,86.0,7,15,21.0,8,1.83,18.0,12.0,6.0,0.54,0.38,Matches
645,Micky van de Ven,nl NED,DF,Tottenham Hotspur,25-026,2001.0,33,2861.0,87.0,88.3,31.8,33,87.0,30,0,,1,1.06,41.0,45.0,-4.0,-0.13,1.06,Matches
646,Bart Verbruggen,nl NED,GK,Brighton,23-270,2002.0,36,3240.0,90.0,100.0,36.0,36,90.0,36,0,,0,1.47,52.0,42.0,10.0,0.28,,Matches
647,Guglielmo Vicario,it ITA,GK,Tottenham Hotspur,29-220,1996.0,31,2790.0,90.0,86.1,31.0,31,90.0,31,0,,0,0.97,40.0,50.0,-10.0,-0.32,-0.52,Matches
648,Luka Vušković,hr CRO,DF,Tottenham Hotspur,19-080,2007.0,0,,,,,0,,0,0,,2,,,,,,,Matches
649,Kyle Walker,eng ENG,"DF,MF",Burnley,35-352,1990.0,34,2916.0,86.0,90.0,32.4,33,88.0,30,1,9.0,1,0.62,30.0,64.0,-34.0,-1.05,-0.49,Matches
650,Kyle Walker-Peters,eng ENG,DF,West Ham United,29-032,1997.0,22,1293.0,59.0,39.9,14.4,14,84.0,11,8,14.0,14,1.05,17.0,25.0,-8.0,-0.56,0.0,Matches
651,Aaron Wan-Bissaka,cd COD,"DF,MF",West Ham United,28-170,1997.0,24,2019.0,84.0,62.3,22.4,22,89.0,19,2,36.0,4,1.0,27.0,41.0,-14.0,-0.62,-0.18,Matches
652,James Ward-Prowse,eng ENG,MF,West Ham United,31-195,1994.0,5,413.0,83.0,12.7,4.6,5,83.0,2,0,,1,0.6,2.0,11.0,-9.0,-1.96,-1.61,Matches
653,James Ward-Prowse,eng ENG,MF,Burnley,31-195,1994.0,11,655.0,60.0,20.2,7.3,7,82.0,4,4,20.0,1,0.55,6.0,16.0,-10.0,-1.37,-0.47,Matches
654,Ollie Watkins,eng ENG,FW,Aston Villa,30-136,1995.0,35,2659.0,76.0,82.1,29.5,31,82.0,11,4,33.0,0,1.69,42.0,35.0,7.0,0.24,0.7,Matches
655,Tom Watson,eng ENG,MF,Brighton,20-037,2006.0,6,62.0,10.0,1.9,0.7,0,,0,6,10.0,5,1.33,2.0,2.0,0.0,0.0,-0.28,Matches
656,Max Weiß,de GER,GK,Burnley,21-334,2004.0,1,90.0,90.0,2.8,1.0,1,90.0,1,0,,35,1.0,2.0,2.0,0.0,0.0,1.03,Matches
657,Danny Welbeck,eng ENG,FW,Brighton,35-170,1990.0,35,2136.0,61.0,65.9,23.7,24,81.0,7,11,18.0,0,1.49,33.0,25.0,8.0,0.34,0.17,Matches
658,Reece Welch,eng ENG,DF,Everton,22-238,2003.0,0,,,,,0,,0,0,,8,,,,,,,Matches
659,Adam Wharton,eng ENG,MF,Crystal Palace,22-098,2004.0,32,2446.0,76.0,75.5,27.2,28,83.0,14,4,34.0,0,1.19,31.0,40.0,-9.0,-0.33,-0.33,Matches
660,Ben White,eng ENG,DF,Arsenal,28-219,1997.0,12,702.0,59.0,21.7,7.8,9,72.0,4,3,19.0,17,1.83,10.0,6.0,4.0,0.51,-0.83,Matches
661,Archie Whitehall,eng ENG,MF,Nottingham Forest,19-359,2006.0,0,,,,,0,,0,0,,1,,,,,,,Matches
662,Jack Whittaker,eng ENG,MF,Sunderland,19-213,2006.0,0,,,,,0,,0,0,,1,,,,,,,Matches
663,Mats Wieffer,nl NED,DF,Brighton,26-180,1999.0,25,1813.0,73.0,56.0,20.1,22,78.0,13,3,29.0,0,1.6,31.0,23.0,8.0,0.4,0.27,Matches
664,Luca Williams Barnett,eng ENG,FW,Tottenham Hotspur,17-226,2008.0,0,,,,,0,,0,0,,6,,,,,,,Matches
665,Neco Williams,wls WAL,DF,Nottingham Forest,25-032,2001.0,35,3024.0,86.0,93.3,33.6,34,88.0,31,1,46.0,0,1.23,42.0,43.0,-1.0,-0.03,0.39,Matches
666,Estêvão Willian,br BRA,MF,Chelsea,19-021,2007.0,22,848.0,39.0,26.2,9.4,12,54.0,0,10,20.0,3,1.36,19.0,11.0,8.0,0.85,0.92,Matches
667,Joe Willock,eng ENG,MF,Newcastle United,26-268,1999.0,22,855.0,39.0,26.4,9.5,9,68.0,0,13,19.0,13,1.45,12.0,15.0,-3.0,-0.32,-0.35,Matches
668,Callum Wilson,eng ENG,"FW,MF",West Ham United,34-077,1992.0,30,1116.0,37.0,34.4,12.4,10,67.0,1,20,22.0,5,1.13,19.0,21.0,-2.0,-0.16,0.6,Matches
669,Harry Wilson,wls WAL,MF,Fulham,29-054,1997.0,34,2642.0,78.0,81.5,29.4,32,81.0,8,2,30.0,0,1.41,39.0,38.0,1.0,0.03,1.09,Matches
670,James Wilson,sct SCO,FW,Tottenham Hotspur,19-070,2007.0,0,,,,,0,,0,0,,2,,,,,,,Matches
671,Ben Winterburn,eng ENG,MF,Bournemouth,21-253,2004.0,1,7.0,7.0,0.2,0.1,0,,0,1,7.0,0,0.0,0.0,2.0,-2.0,-25.71,-25.88,Matches
672,Florian Wirtz,de GER,MF,Liverpool,23-012,2003.0,31,2335.0,75.0,72.1,25.9,27,82.0,9,4,30.0,0,1.68,37.0,30.0,7.0,0.27,-0.23,Matches
673,Yoane Wissa,cd COD,FW,Newcastle United,29-254,1996.0,17,500.0,29.0,15.4,5.6,4,70.0,0,13,17.0,4,1.06,10.0,10.0,0.0,0.0,0.07,Matches
674,Nick Woltemade,de GER,"FW,MF",Newcastle United,24-090,2002.0,31,1752.0,57.0,54.1,19.5,22,73.0,3,9,16.0,1,1.23,28.0,27.0,1.0,0.05,0.23,Matches
675,Chris Wood,nz NZL,FW,Nottingham Forest,34-159,1991.0,13,771.0,59.0,23.8,8.6,9,76.0,0,4,22.0,0,1.23,12.0,11.0,1.0,0.12,0.23,Matches
676,Freddie Woodman,eng ENG,GK,Liverpool,29-072,1997.0,3,213.0,71.0,6.6,2.4,2,90.0,2,1,33.0,15,2.0,6.0,4.0,2.0,0.85,0.55,Matches
677,Joe Worrall,eng ENG,DF,Burnley,29-125,1997.0,11,500.0,45.0,15.4,5.6,5,83.0,4,6,14.0,12,0.82,10.0,11.0,-1.0,-0.18,0.97,Matches
678,James Wright,eng ENG,GK,Aston Villa,21-164,2004.0,0,,,,,0,,0,0,,7,,,,,,,Matches
679,Will Wright,,FW,Liverpool,,,0,,,,,0,,0,0,,3,,,,,,,Matches
680,Granit Xhaka,ch SUI,MF,Sunderland,33-230,1992.0,32,2724.0,85.0,84.1,30.3,30,89.0,28,2,29.0,0,1.41,33.0,37.0,-4.0,-0.13,0.74,Matches
681,Yehor Yarmoliuk,ua UKR,MF,Brentford,22-075,2004.0,36,2571.0,71.0,79.4,28.6,29,82.0,15,7,26.0,0,1.42,40.0,40.0,0.0,0.0,-0.4,Matches
682,Ryan Yates,eng ENG,MF,Nottingham Forest,28-175,1997.0,21,591.0,28.0,18.2,6.6,2,77.0,1,19,23.0,9,1.48,14.0,7.0,7.0,1.07,1.37,Matches
683,Leny Yoro,fr FRA,DF,Manchester Utd,20-183,2005.0,31,1723.0,56.0,53.2,19.1,18,82.0,9,13,20.0,4,1.68,28.0,33.0,-5.0,-0.26,-1.45,Matches
684,Oleksandr Zinchenko,ua UKR,DF,Nottingham Forest,29-151,1996.0,5,353.0,71.0,10.9,3.9,4,86.0,3,1,10.0,3,0.2,1.0,6.0,-5.0,-1.27,-1.37,Matches
685,Joshua Zirkzee,nl NED,"FW,MF",Manchester Utd,24-358,2001.0,22,598.0,27.0,18.5,6.6,5,73.0,2,17,14.0,12,1.68,9.0,8.0,1.0,0.15,-0.33,Matches
686,Martín Zubimendi,es ESP,MF,Arsenal,27-102,1999.0,36,2901.0,81.0,89.5,32.2,33,84.0,21,3,42.0,0,2.19,55.0,24.0,31.0,0.96,-1.96,Matches
687,Martin Ødegaard,no NOR,MF,Arsenal,27-149,1998.0,23,1280.0,56.0,39.5,14.2,15,71.0,7,8,26.0,0,2.13,28.0,13.0,15.0,1.05,-0.19,Matches
