Rk,Player,Nation,Pos,Squad,Age,Born,90s,Standard_Gls,Standard_Sh,Standard_SoT,Standard_SoT%,Standard_Sh/90,Standard_SoT/90,Standard_G/Sh,Standard_G/SoT,Standard_PK,Standard_PKatt,Matches
1,Brenden Aaronson,us USA,"MF,FW",Leeds United,25-205,2000,25.6,4,43,16,37.2,1.68,0.63,0.09,0.25,0,0,Matches
2,Zach Abbott,eng ENG,DF,Nottingham Forest,20-002,2006,1.8,0,0,0,,0.0,0.0,,,0,0,Matches
3,Tammy Abraham,eng ENG,FW,Aston Villa,28-225,1997,3.2,2,9,3,33.3,2.83,0.94,0.22,0.67,0,0,Matches
4,Joshua Acheampong,eng ENG,DF,Chelsea,20-010,2006,6.5,1,3,2,66.7,0.46,0.31,0.33,0.5,0,0,Matches
5,Tyler Adams,us USA,MF,Bournemouth,27-090,1999,17.7,2,9,6,66.7,0.51,0.34,0.22,0.33,0,0,Matches
6,Tosin Adarabioyo,eng ENG,DF,Chelsea,28-233,1997,8.8,0,2,0,0.0,0.23,0.0,0.0,,0,0,Matches
7,Simon Adingra,ci CIV,"MF,FW",Sunderland,24-134,2002,7.3,1,6,2,33.3,0.83,0.28,0.17,0.5,0,0,Matches
8,Amine Adli,ma MAR,MF,Bournemouth,26-005,2000,11.9,3,20,9,45.0,1.67,0.75,0.15,0.33,0,0,Matches
9,Emmanuel Agbadou,ci CIV,DF,Wolves,28-332,1997,12.2,0,10,3,30.0,0.82,0.25,0.0,0.0,0,0,Matches
10,Nayef Aguerd,ma MAR,DF,West Ham United,30-046,1996,2.0,0,2,0,0.0,1.0,0.0,0.0,,0,0,Matches
11,Ola Aina,ng NGA,DF,Nottingham Forest,29-219,1996,17.6,0,12,1,8.3,0.68,0.06,0.0,0.0,0,0,Matches
12,Rayan Aït-Nouri,dz ALG,DF,Manchester City,24-343,2001,10.7,0,10,2,20.0,0.94,0.19,0.0,0.0,0,0,Matches
13,Kristoffer Ajer,no NOR,DF,Brentford,28-028,1998,19.2,0,10,3,30.0,0.52,0.16,0.0,0.0,0,0,Matches
14,Nathan Aké,nl NED,DF,Manchester City,31-086,1995,6.9,0,6,1,16.7,0.87,0.15,0.0,0.0,0,0,Matches
15,Carlos Alcaraz,ar ARG,MF,Everton,23-166,2002,7.6,0,19,5,26.3,2.51,0.66,0.0,0.0,0,0,Matches
16,Omar Alderete,py PAR,DF,Sunderland,29-140,1996,30.8,1,24,9,37.5,0.78,0.29,0.04,0.11,0,0,Matches
17,Alisson,br BRA,GK,Liverpool,33-225,1992,25.0,0,0,0,,0.0,0.0,,,0,0,Matches
18,Max Alleyne,eng ENG,DF,Manchester City,20-298,2005,1.5,0,2,1,50.0,1.33,0.67,0.0,0.0,0,0,Matches
19,Jaydon Amauri Banel,nl NED,"FW,MF",Burnley,21-208,2004,0.1,0,0,0,,0.0,0.0,,,0,0,Matches
20,Zeki Amdouni,ch SUI,"FW,MF",Burnley,25-162,2000,0.3,0,3,1,33.3,10.0,3.33,0.0,0.0,0,0,Matches
21,Ethan Ampadu,wls WAL,MF,Leeds United,25-243,2000,32.7,1,26,6,23.1,0.8,0.18,0.04,0.17,0,0,Matches
22,Joachim Andersen,dk DEN,DF,Fulham,29-349,1996,31.9,0,16,4,25.0,0.5,0.13,0.0,0.0,0,0,Matches
23,Elliot Anderson,eng ENG,MF,Nottingham Forest,23-190,2002,35.3,4,43,10,23.3,1.22,0.28,0.07,0.3,1,1,Matches
24,André,br BRA,MF,Wolves,24-303,2001,28.7,1,14,1,7.1,0.49,0.03,0.07,1.0,0,0,Matches
25,Nilson Angulo,ec ECU,MF,Sunderland,22-330,2003,3.0,0,3,2,66.7,1.01,0.67,0.0,0.0,0,0,Matches
26,Jaidon Anthony,eng ENG,MF,Burnley,26-165,1999,28.3,8,52,22,42.3,1.84,0.78,0.15,0.36,0,0,Matches
27,Alphonse Areola,fr FRA,GK,West Ham United,33-077,1993,20.0,0,0,0,,0.0,0.0,,,0,0,Matches
28,Jhon Arias,co COL,"FW,MF",Wolves,28-236,1997,12.5,1,16,3,18.8,1.28,0.24,0.06,0.33,0,0,Matches
29,Adam Armstrong,eng ENG,"FW,MF",Wolves,29-094,1997,11.1,1,16,5,31.3,1.45,0.45,0.06,0.2,0,0,Matches
30,Harrison Armstrong,eng ENG,MF,Everton,19-116,2007,5.6,0,5,2,40.0,0.9,0.36,0.0,0.0,0,0,Matches
31,Tolu Arokodare,ng NGA,FW,Wolves,25-173,2000,15.3,3,44,15,34.1,2.88,0.98,0.07,0.2,0,1,Matches
32,Taiwo Awoniyi,ng NGA,FW,Nottingham Forest,28-276,1997,4.9,4,13,8,61.5,2.64,1.62,0.31,0.5,0,0,Matches
33,Yasin Ayari,se SWE,MF,Brighton,22-221,2003,21.3,3,41,10,24.4,1.92,0.47,0.07,0.3,0,0,Matches
34,Benoît Badiashile,fr FRA,DF,Chelsea,25-050,2001,5.2,0,0,0,,0.0,0.0,,,0,0,Matches
35,Leon Bailey,jm JAM,MF,Aston Villa,28-279,1997,4.1,0,6,1,16.7,1.46,0.24,0.0,0.0,0,0,Matches
36,Dilane Bakwa,fr FRA,MF,Nottingham Forest,23-262,2002,5.9,0,9,3,33.3,1.52,0.51,0.0,0.0,0,0,Matches
37,Carlos Baleba,cm CMR,MF,Brighton,22-132,2004,17.1,0,18,1,5.6,1.05,0.06,0.0,0.0,0,0,Matches
38,Daniel Ballard,nir NIR,DF,Sunderland,26-235,1999,23.9,2,26,9,34.6,1.09,0.38,0.08,0.22,0,0,Matches
39,Ross Barkley,eng ENG,MF,Aston Villa,32-161,1993,8.1,3,17,8,47.1,2.1,0.99,0.18,0.38,0,0,Matches
40,Ashley Barnes,eng ENG,"FW,MF",Burnley,36-197,1989,0.4,0,1,0,0.0,2.25,0.0,0.0,,0,0,Matches
41,Harvey Barnes,eng ENG,"FW,MF",Newcastle United,28-157,1997,20.5,7,54,20,37.0,2.63,0.97,0.13,0.35,0,0,Matches
42,Thierno Barry,fr FRA,FW,Everton,23-206,2002,20.1,8,37,14,37.8,1.84,0.69,0.22,0.57,0,0,Matches
43,Calvin Bassey,ng NGA,DF,Fulham,26-135,1999,26.2,1,12,1,8.3,0.46,0.04,0.08,1.0,0,0,Matches
44,Altay Bayındır,tr TUR,GK,Manchester Utd,28-031,1998,6.0,0,0,0,,0.0,0.0,,,0,0,Matches
45,Jean-Ricner Bellegarde,ht HAI,"MF,FW",Wolves,27-322,1998,13.7,1,21,7,33.3,1.53,0.51,0.05,0.14,0,0,Matches
46,Walter Benítez,ar ARG,GK,Crystal Palace,33-116,1993,1.0,0,0,0,,0.0,0.0,,,0,0,Matches
47,Rodrigo Bentancur,uy URU,MF,Tottenham Hotspur,28-324,1997,19.0,1,13,3,23.1,0.68,0.16,0.08,0.33,0,0,Matches
48,Daniel Bentley,eng ENG,GK,Wolves,32-306,1993,3.0,0,0,0,,0.0,0.0,,,0,0,Matches
49,Sander Berge,no NOR,MF,Fulham,28-090,1998,30.8,0,12,3,25.0,0.39,0.1,0.0,0.0,0,0,Matches
50,Lucas Bergvall,se SWE,MF,Tottenham Hotspur,20-102,2006,10.7,1,12,5,41.7,1.12,0.47,0.08,0.2,0,0,Matches
51,Beto,gw GNB,FW,Everton,28-104,1998,16.5,9,42,17,40.5,2.54,1.03,0.21,0.53,0,0,Matches
52,Jaka Bijol,si SVN,DF,Leeds United,27-099,1999,19.2,1,15,6,40.0,0.78,0.31,0.07,0.17,0,0,Matches
53,Yves Bissouma,ml MLI,MF,Tottenham Hotspur,29-258,1996,6.7,0,5,2,40.0,0.75,0.3,0.0,0.0,0,0,Matches
54,Marco Bizot,nl NED,GK,Aston Villa,35-066,1991,5.5,0,0,0,,0.0,0.0,,,0,0,Matches
55,Oscar Bobb,no NOR,"MF,FW",Manchester City,22-307,2003,5.2,0,4,0,0.0,0.77,0.0,0.0,,0,0,Matches
56,Oscar Bobb,no NOR,MF,Fulham,22-307,2003,4.7,0,8,3,37.5,1.71,0.64,0.0,0.0,0,0,Matches
57,Lamare Bogarde,nl NED,"MF,DF",Aston Villa,22-130,2004,10.9,0,0,0,,0.0,0.0,,,0,0,Matches
58,Jayden Bogle,eng ENG,"MF,DF",Leeds United,25-292,2000,30.2,1,17,4,23.5,0.56,0.13,0.06,0.25,0,0,Matches
59,Sebastiaan Bornauw,be BEL,DF,Leeds United,27-054,1999,3.8,0,0,0,,0.0,0.0,,,0,0,Matches
60,Olivier Boscagli,fr FRA,DF,Brighton,28-178,1997,8.9,0,1,0,0.0,0.11,0.0,0.0,,0,0,Matches
61,Sven Botman,nl NED,DF,Newcastle United,26-123,2000,18.4,1,14,4,28.6,0.76,0.22,0.07,0.25,0,0,Matches
62,Jarrod Bowen,eng ENG,"MF,FW",West Ham United,29-146,1996,35.8,8,76,26,34.2,2.12,0.73,0.09,0.27,1,1,Matches
63,Conor Bradley,nir NIR,DF,Liverpool,22-310,2003,10.3,0,6,0,0.0,0.58,0.0,0.0,,0,0,Matches
64,Jarrad Branthwaite,eng ENG,DF,Everton,23-322,2002,7.6,1,6,2,33.3,0.79,0.26,0.17,0.5,0,0,Matches
65,Brian Brobbey,nl NED,FW,Sunderland,24-103,2002,19.9,6,31,16,51.6,1.56,0.8,0.19,0.38,0,0,Matches
66,Armando Broja,al ALB,FW,Burnley,24-247,2001,9.6,1,16,6,37.5,1.67,0.63,0.06,0.17,0,0,Matches
67,David Brooks,wls WAL,MF,Bournemouth,28-311,1997,13.3,1,46,12,26.1,3.46,0.9,0.02,0.08,0,0,Matches
68,Jacob Bruun Larsen,dk DEN,"MF,FW",Burnley,27-238,1998,11.3,0,16,4,25.0,1.42,0.35,0.0,0.0,0,0,Matches
69,Emi Buendía,ar ARG,MF,Aston Villa,29-141,1996,17.6,6,46,12,26.1,2.62,0.68,0.13,0.5,0,0,Matches
70,Hugo Bueno,es ESP,"MF,DF",Wolves,23-239,2002,26.0,1,15,6,40.0,0.58,0.23,0.07,0.17,0,0,Matches
71,Santiago Bueno,uy URU,DF,Wolves,27-187,1998,26.4,3,9,6,66.7,0.34,0.23,0.33,0.5,0,0,Matches
72,Facundo Buonanotte,ar ARG,MF,Chelsea,21-143,2004,0.5,0,0,0,,0.0,0.0,,,0,0,Matches
73,Facundo Buonanotte,ar ARG,MF,Leeds United,21-143,2004,0.3,0,1,0,0.0,3.46,0.0,0.0,,0,0,Matches
74,Dan Burn,eng ENG,DF,Newcastle United,34-006,1992,23.3,1,10,3,30.0,0.43,0.13,0.1,0.33,0,0,Matches
75,Bradley Burrowes,eng ENG,MF,Aston Villa,18-072,2008,0.2,0,0,0,,0.0,0.0,,,0,0,Matches
76,Jun'ai Byfield,eng ENG,DF,Tottenham Hotspur,17-160,2008,0.0,0,0,0,,0.0,0.0,,,0,0,Matches
77,Sam Byram,eng ENG,"DF,MF",Leeds United,32-241,1993,0.1,0,0,0,,0.0,0.0,,,0,0,Matches
78,Moisés Caicedo,ec ECU,MF,Chelsea,24-194,2001,29.1,3,26,7,26.9,0.89,0.24,0.12,0.43,0,0,Matches
79,Tom Cairney,sct SCO,MF,Fulham,35-115,1991,8.3,1,14,1,7.1,1.69,0.12,0.07,1.0,0,0,Matches
80,Riccardo Calafiori,it ITA,DF,Arsenal,23-361,2002,17.6,1,32,8,25.0,1.82,0.45,0.03,0.13,0,0,Matches
81,Dominic Calvert-Lewin,eng ENG,FW,Leeds United,29-060,1997,28.5,13,70,32,45.7,2.46,1.12,0.13,0.28,4,5,Matches
82,Jaydee Canvot,fr FRA,DF,Crystal Palace,19-290,2006,13.8,0,7,1,14.3,0.51,0.07,0.0,0.0,0,0,Matches
83,Fabio Carvalho,pt POR,MF,Brentford,23-258,2002,1.1,1,2,1,50.0,1.76,0.88,0.5,1.0,0,0,Matches
84,Casemiro,br BRA,MF,Manchester Utd,34-081,1992,27.7,9,49,18,36.7,1.77,0.65,0.18,0.5,0,0,Matches
85,Matty Cash,pl POL,DF,Aston Villa,28-281,1997,32.0,3,29,10,34.5,0.91,0.31,0.1,0.3,0,0,Matches
86,Timothy Castagne,be BEL,"DF,MF",Fulham,30-161,1995,18.5,0,12,6,50.0,0.65,0.32,0.0,0.0,0,0,Matches
87,Valentín Castellanos,ar ARG,FW,West Ham United,27-224,1998,13.7,4,38,16,42.1,2.78,1.17,0.11,0.25,0,0,Matches
88,Trevoh Chalobah,eng ENG,DF,Chelsea,26-314,1999,30.4,3,16,5,31.3,0.53,0.16,0.19,0.6,0,0,Matches
89,Rayan Cherki,fr FRA,MF,Manchester City,22-271,2003,19.1,4,53,13,24.5,2.78,0.68,0.08,0.31,0,0,Matches
90,Federico Chiesa,it ITA,MF,Liverpool,28-202,1997,3.5,2,16,4,25.0,4.59,1.15,0.13,0.5,0,0,Matches
91,Tawanda Chirewa,zw ZIM,MF,Wolves,22-215,2003,0.3,0,0,0,,0.0,0.0,,,0,0,Matches
92,Ryan Christie,sct SCO,MF,Bournemouth,31-082,1995,11.0,2,25,8,32.0,2.27,0.73,0.08,0.25,0,0,Matches
93,Samuel Chukwueze,ng NGA,MF,Fulham,26-358,1999,11.9,3,25,7,28.0,2.11,0.59,0.12,0.43,0,0,Matches
94,Dennis Cirkin,lv LVA,DF,Sunderland,24-039,2002,3.6,0,1,0,0.0,0.28,0.0,0.0,,0,0,Matches
95,Nathaniel Clyne,eng ENG,MF,Crystal Palace,35-040,1991,5.6,0,3,0,0.0,0.54,0.0,0.0,,0,0,Matches
96,Séamus Coleman,ie IRL,DF,Everton,37-216,1988,0.1,0,0,0,,0.0,0.0,,,0,0,Matches
97,Nathan Collins,ie IRL,DF,Brentford,25-015,2001,31.1,1,19,6,31.6,0.61,0.19,0.05,0.17,0,0,Matches
98,Levi Colwill,eng ENG,DF,Chelsea,23-078,2003,1.5,0,0,0,,0.0,0.0,,,0,0,Matches
99,Lewis Cook,eng ENG,"MF,DF",Bournemouth,29-101,1997,9.7,0,3,0,0.0,0.31,0.0,0.0,,0,0,Matches
100,Diego Coppola,it ITA,DF,Brighton,22-138,2003,2.2,0,0,0,,0.0,0.0,,,0,0,Matches
101,Marc Cucurella,es ESP,DF,Chelsea,27-297,1998,28.1,1,20,6,30.0,0.71,0.21,0.05,0.17,0,0,Matches
102,Jorge Cuenca,es ESP,DF,Fulham,26-179,1999,10.4,0,1,0,0.0,0.1,0.0,0.0,,0,0,Matches
103,Josh Cullen,ie IRL,MF,Burnley,30-038,1996,16.8,2,11,6,54.5,0.65,0.36,0.18,0.33,0,0,Matches
104,Jair Cunha,br BRA,DF,Nottingham Forest,21-069,2005,5.0,0,3,1,33.3,0.6,0.2,0.0,0.0,0,0,Matches
105,Matheus Cunha,br BRA,"MF,FW",Manchester Utd,26-353,1999,26.8,9,86,34,39.5,3.2,1.27,0.1,0.26,0,0,Matches
106,Diogo Dalot,pt POR,"DF,MF",Manchester Utd,27-058,1999,28.0,1,23,6,26.1,0.82,0.21,0.04,0.17,0,0,Matches
107,Mikkel Damsgaard,dk DEN,MF,Brentford,25-316,2000,21.7,4,28,11,39.3,1.29,0.51,0.14,0.36,0,0,Matches
108,Kevin Danso,at AUT,DF,Tottenham Hotspur,27-238,1998,14.6,0,7,2,28.6,0.48,0.14,0.0,0.0,0,0,Matches
109,Karl Darlow,wls WAL,GK,Leeds United,35-219,1990,20.0,0,0,0,,0.0,0.0,,,0,0,Matches
110,Josh Dasilva,eng ENG,MF,Brentford,27-204,1998,0.0,0,0,0,,0.0,0.0,,,0,0,Matches
111,Ben Davies,wls WAL,DF,Tottenham Hotspur,33-021,1993,1.5,1,2,2,100.0,1.31,1.31,0.5,0.5,0,0,Matches
112,Maxim De Cuyper,be BEL,"DF,MF",Brighton,25-144,2000,14.2,2,11,6,54.5,0.77,0.42,0.18,0.33,0,0,Matches
113,Liam Delap,eng ENG,FW,Chelsea,23-096,2003,11.3,1,35,11,31.4,3.11,0.98,0.03,0.09,0,0,Matches
114,Sepp van den Berg,nl NED,DF,Brentford,24-146,2001,29.6,0,22,7,31.8,0.74,0.24,0.0,0.0,0,0,Matches
115,Jesse Derry,eng ENG,MF,Chelsea,18-319,2007,0.5,0,2,1,50.0,4.09,2.05,0.0,0.0,0,0,Matches
116,Justin Devenny,nir NIR,"MF,FW",Crystal Palace,22-216,2003,7.8,1,13,4,30.8,1.66,0.51,0.0,0.0,1,1,Matches
117,Kiernan Dewsbury-Hall,eng ENG,MF,Everton,27-251,1998,27.3,8,37,15,40.5,1.36,0.55,0.22,0.53,0,0,Matches
118,Bafodé Diakité,fr FRA,DF,Bournemouth,25-129,2001,14.2,0,1,0,0.0,0.07,0.0,0.0,,0,0,Matches
119,Amad Diallo,ci CIV,MF,Manchester Utd,23-308,2002,24.0,2,49,20,40.8,2.04,0.83,0.04,0.1,0,0,Matches
120,Habib Diarra,sn SEN,MF,Sunderland,22-132,2004,15.1,2,24,8,33.3,1.59,0.53,0.04,0.13,1,1,Matches
121,Rúben Dias,pt POR,DF,Manchester City,29-001,1997,22.8,2,10,4,40.0,0.44,0.18,0.2,0.5,0,0,Matches
122,Tyler Dibling,eng ENG,MF,Everton,20-064,2006,4.0,0,4,0,0.0,1.01,0.0,0.0,,0,0,Matches
123,Lucas Digne,fr FRA,DF,Aston Villa,32-299,1993,19.6,0,13,5,38.5,0.66,0.26,0.0,0.0,0,0,Matches
124,Issa Diop,ma MAR,DF,Fulham,29-126,1997,7.1,0,1,0,0.0,0.14,0.0,0.0,,0,0,Matches
125,El Hadji Malick Diouf,sn SEN,"DF,MF",West Ham United,21-138,2004,28.1,0,17,3,17.6,0.61,0.11,0.0,0.0,0,0,Matches
126,Axel Disasi,fr FRA,DF,West Ham United,28-065,1998,11.9,0,5,3,60.0,0.42,0.25,0.0,0.0,0,0,Matches
127,Matt Doherty,ie IRL,"DF,MF",Wolves,34-119,1992,8.7,0,3,0,0.0,0.34,0.0,0.0,,0,0,Matches
128,Jeremy Doku,be BEL,"MF,FW",Manchester City,23-353,2002,18.8,5,36,14,38.9,1.91,0.74,0.14,0.36,0,0,Matches
129,Nicolás Domínguez,ar ARG,MF,Nottingham Forest,27-321,1998,12.0,1,16,5,31.3,1.33,0.42,0.06,0.2,0,0,Matches
130,Gianluigi Donnarumma,it ITA,GK,Manchester City,27-079,1999,33.0,0,0,0,,0.0,0.0,,,0,0,Matches
131,Romelle Donovan,eng ENG,FW,Brentford,19-166,2006,0.5,0,3,1,33.3,6.59,2.2,0.0,0.0,0,0,Matches
132,Patrick Dorgu,dk DEN,MF,Manchester Utd,21-201,2004,15.3,3,21,7,33.3,1.37,0.46,0.14,0.43,0,0,Matches
133,Max Dowman,eng ENG,MF,Arsenal,16-135,2009,1.1,1,6,1,16.7,5.63,0.94,0.17,1.0,0,0,Matches
134,Radu Drăgușin,ro ROU,DF,Tottenham Hotspur,24-101,2002,5.7,0,4,0,0.0,0.7,0.0,0.0,,0,0,Matches
135,Joél Drakes-Thomas,eng ENG,MF,Crystal Palace,16-340,2009,0.1,0,0,0,,0.0,0.0,,,0,0,Matches
136,Martin Dúbravka,sk SVK,GK,Burnley,37-120,1989,35.0,0,0,0,,0.0,0.0,,,0,0,Matches
137,Lewis Dunk,eng ENG,DF,Brighton,34-175,1991,29.5,1,22,3,13.6,0.74,0.1,0.05,0.33,0,0,Matches
138,George Earthy,eng ENG,MF,West Ham United,21-252,2004,0.1,0,0,0,,0.0,0.0,,,0,0,Matches
139,Odsonne Édouard,fr FRA,FW,Crystal Palace,28-119,1998,0.0,0,0,0,,0.0,0.0,,,0,0,Matches
140,Tom Edozie,eng ENG,MF,Wolves,19-362,2006,0.2,1,2,1,50.0,12.86,6.43,0.5,1.0,0,0,Matches
141,Alysson Edward,br BRA,MF,Aston Villa,20-010,2006,0.5,0,1,0,0.0,1.84,0.0,0.0,,0,0,Matches
142,Marcus Edwards,eng ENG,"MF,FW",Burnley,27-163,1998,11.7,1,22,6,27.3,1.88,0.51,0.05,0.17,0,0,Matches
143,Hjalmar Ekdal,se SWE,DF,Burnley,27-206,1998,17.1,0,6,1,16.7,0.35,0.06,0.0,0.0,0,0,Matches
144,Hugo Ekitike,fr FRA,FW,Liverpool,23-329,2002,20.0,11,65,19,29.2,3.24,0.95,0.17,0.58,0,0,Matches
145,Anthony Elanga,se SWE,"FW,MF",Newcastle United,24-018,2002,14.3,0,16,4,25.0,1.12,0.28,0.0,0.0,0,0,Matches
146,Melker Ellborg,se SWE,GK,Sunderland,22-358,2003,3.0,0,0,0,,0.0,0.0,,,0,0,Matches
147,Harvey Elliott,eng ENG,MF,Aston Villa,23-041,2003,1.2,0,5,0,0.0,4.02,0.0,0.0,,0,0,Matches
148,Harvey Elliott,eng ENG,"FW,MF",Liverpool,23-041,2003,0.0,0,0,0,,0.0,0.0,,,0,0,Matches
149,Wataru Endo,jp JPN,DF,Liverpool,33-095,1993,1.9,0,1,0,0.0,0.51,0.0,0.0,,0,0,Matches
150,Romain Esse,eng ENG,MF,Crystal Palace,21-002,2005,0.5,0,0,0,,0.0,0.0,,,0,0,Matches
151,Dario Essugo,pt POR,MF,Chelsea,21-062,2005,0.3,0,0,0,,0.0,0.0,,,0,0,Matches
152,Maxime Estève,fr FRA,DF,Burnley,23-354,2002,31.7,0,10,1,10.0,0.32,0.03,0.0,0.0,0,0,Matches
153,Evanilson,br BRA,FW,Bournemouth,26-221,1999,28.7,6,68,23,33.8,2.37,0.8,0.09,0.26,0,0,Matches
154,Eberechi Eze,eng ENG,"MF,FW",Arsenal,27-320,1998,19.2,7,53,15,28.3,2.77,0.78,0.13,0.47,0,0,Matches
155,Eberechi Eze,eng ENG,MF,Crystal Palace,27-320,1998,0.9,0,6,2,33.3,6.51,2.17,0.0,0.0,0,0,Matches
156,Bruno Fernandes,pt POR,MF,Manchester Utd,31-249,1994,32.0,8,79,22,27.8,2.47,0.69,0.05,0.18,4,6,Matches
157,Mateus Fernandes,pt POR,MF,West Ham United,21-309,2004,31.5,3,25,6,24.0,0.79,0.19,0.12,0.5,0,0,Matches
158,Enzo Fernández,ar ARG,MF,Chelsea,25-118,2001,32.6,9,70,30,42.9,2.15,0.92,0.1,0.23,2,2,Matches
159,Zian Flemming,nl NED,FW,Burnley,27-287,1998,17.7,10,50,20,40.0,2.82,1.13,0.16,0.4,2,2,Matches
160,Jack Fletcher,eng ENG,MF,Manchester Utd,19-057,2007,1.2,0,1,0,0.0,0.83,0.0,0.0,,0,0,Matches
161,Tyler Fletcher,sct SCO,MF,Manchester Utd,19-057,2007,0.0,0,0,0,,0.0,0.0,,,0,0,Matches
162,Phil Foden,eng ENG,MF,Manchester City,25-352,2000,21.8,7,55,19,34.5,2.52,0.87,0.13,0.37,0,0,Matches
163,Wesley Fofana,fr FRA,DF,Chelsea,25-149,2000,17.6,0,8,1,12.5,0.46,0.06,0.0,0.0,0,0,Matches
164,Lyle Foster,za RSA,"FW,MF",Burnley,25-254,2000,15.2,3,20,6,30.0,1.31,0.39,0.15,0.5,0,0,Matches
165,Tyler Fredricson,eng ENG,DF,Manchester Utd,21-081,2005,0.0,0,0,0,,0.0,0.0,,,0,0,Matches
166,Jeremie Frimpong,nl NED,"DF,MF",Liverpool,25-156,2000,11.4,0,10,2,20.0,0.88,0.18,0.0,0.0,0,0,Matches
167,Niclas Füllkrug,de GER,FW,West Ham United,33-095,1993,4.5,0,9,3,33.3,1.98,0.66,0.0,0.0,0,0,Matches
168,Kaye Furo,be BEL,FW,Brentford,19-098,2007,0.0,0,0,0,,0.0,0.0,,,0,0,Matches
169,Cody Gakpo,nl NED,"MF,FW",Liverpool,27-008,1999,28.6,7,83,21,25.3,2.9,0.73,0.08,0.33,0,0,Matches
170,Conor Gallagher,eng ENG,MF,Tottenham Hotspur,26-098,2000,11.3,1,9,3,33.3,0.8,0.27,0.11,0.33,0,0,Matches
171,Idrissa Gana Gueye,sn SEN,MF,Everton,36-231,1989,23.3,2,29,7,24.1,1.25,0.3,0.07,0.29,0,0,Matches
172,Ben Gannon-Doak,sct SCO,MF,Bournemouth,20-185,2005,0.9,0,1,0,0.0,1.14,0.0,0.0,,0,0,Matches
173,Andrés García,es ESP,DF,Aston Villa,23-097,2003,0.5,0,0,0,,0.0,0.0,,,0,0,Matches
174,Alejandro Garnacho,ar ARG,MF,Chelsea,21-318,2004,14.1,1,33,7,21.2,2.35,0.5,0.03,0.14,0,0,Matches
175,James Garner,eng ENG,"MF,DF",Everton,25-063,2001,35.9,2,43,13,30.2,1.2,0.36,0.05,0.15,0,0,Matches
176,Lutsharel Geertruida,nl NED,"DF,MF",Sunderland,25-301,2000,16.8,0,10,3,30.0,0.59,0.18,0.0,0.0,0,0,Matches
177,Tyrique George,eng ENG,FW,Chelsea,20-100,2006,1.6,0,3,2,66.7,1.86,1.24,0.0,0.0,0,0,Matches
178,Tyrique George,eng ENG,MF,Everton,20-100,2006,1.9,0,6,2,33.3,3.16,1.05,0.0,0.0,0,0,Matches
179,Morgan Gibbs-White,eng ENG,MF,Nottingham Forest,26-108,2000,32.4,13,75,28,37.3,2.31,0.86,0.16,0.43,1,1,Matches
180,Jamie Gittens,eng ENG,MF,Chelsea,21-280,2004,5.5,0,10,2,20.0,1.82,0.36,0.0,0.0,0,0,Matches
181,Wilfried Gnonto,it ITA,FW,Leeds United,22-191,2003,5.4,0,9,0,0.0,1.67,0.0,0.0,,0,0,Matches
182,Angel Gomes,eng ENG,"MF,FW",Wolves,25-257,2000,4.4,0,6,2,33.3,1.36,0.45,0.0,0.0,0,0,Matches
183,João Gomes,br BRA,MF,Wolves,25-092,2001,30.4,1,19,7,36.8,0.62,0.23,0.05,0.14,0,0,Matches
184,Rodrigo Gomes,pt POR,"MF,FW",Wolves,22-312,2003,8.8,3,16,6,37.5,1.81,0.68,0.19,0.5,0,0,Matches
185,Toti Gomes,pt POR,DF,Wolves,27-119,1999,15.5,0,5,2,40.0,0.32,0.13,0.0,0.0,0,0,Matches
186,Diego Gómez,py PAR,"MF,FW",Brighton,23-049,2003,22.6,5,36,14,38.9,1.59,0.62,0.14,0.36,0,0,Matches
187,Joe Gomez,eng ENG,DF,Liverpool,28-357,1997,6.0,0,3,1,33.3,0.5,0.17,0.0,0.0,0,0,Matches
188,Nicolás González,es ESP,MF,Manchester City,24-132,2002,16.4,1,13,2,15.4,0.79,0.12,0.08,0.5,0,0,Matches
189,Anthony Gordon,eng ENG,FW,Newcastle United,25-080,2001,19.9,6,48,20,41.7,2.41,1.0,0.06,0.15,3,3,Matches
190,Ryan Gravenberch,nl NED,MF,Liverpool,23-364,2002,31.6,5,35,11,31.4,1.11,0.35,0.14,0.45,0,0,Matches
191,Archie Gray,eng ENG,"MF,DF",Tottenham Hotspur,20-064,2006,16.3,2,11,5,45.5,0.67,0.31,0.18,0.4,0,0,Matches
192,Jack Grealish,eng ENG,MF,Everton,30-247,1995,18.1,2,26,8,30.8,1.44,0.44,0.08,0.25,0,0,Matches
193,Pascal Groß,de GER,MF,Brighton,34-334,1991,16.2,1,14,6,42.9,0.87,0.37,0.07,0.17,0,0,Matches
194,Brajan Gruda,de GER,MF,Brighton,21-349,2004,8.0,1,16,6,37.5,2.0,0.75,0.06,0.17,0,0,Matches
195,Ilia Gruev,bg BUL,MF,Leeds United,26-009,2000,14.7,0,7,1,14.3,0.48,0.07,0.0,0.0,0,0,Matches
196,Gabriel Gudmundsson,se SWE,"DF,MF",Leeds United,27-016,1999,29.2,0,18,3,16.7,0.62,0.1,0.0,0.0,0,0,Matches
197,Marc Guéhi,eng ENG,DF,Crystal Palace,25-306,2000,20.0,2,15,4,26.7,0.75,0.2,0.13,0.5,0,0,Matches
198,Marc Guéhi,eng ENG,DF,Manchester City,25-306,2000,14.0,1,17,5,29.4,1.21,0.36,0.06,0.2,0,0,Matches
199,Evann Guessand,ci CIV,MF,Aston Villa,24-318,2001,6.5,0,8,5,62.5,1.22,0.77,0.0,0.0,0,0,Matches
200,Evann Guessand,ci CIV,MF,Crystal Palace,24-318,2001,3.3,1,3,1,33.3,0.9,0.3,0.33,1.0,0,0,Matches
201,Luis Guilherme,br BRA,FW,West Ham United,20-095,2006,1.4,0,1,0,0.0,0.72,0.0,0.0,,0,0,Matches
202,Bruno Guimarães,br BRA,MF,Newcastle United,28-180,1997,25.5,9,39,21,53.8,1.53,0.82,0.18,0.33,2,2,Matches
203,Marc Guiu,es ESP,FW,Sunderland,20-131,2006,0.2,0,1,0,0.0,6.0,0.0,0.0,,0,0,Matches
204,Marc Guiu,es ESP,FW,Chelsea,20-131,2006,2.9,0,12,2,16.7,4.2,0.7,0.0,0.0,0,0,Matches
205,Angus Gunn,sct SCO,GK,Nottingham Forest,30-113,1996,0.5,0,0,0,,0.0,0.0,,,0,0,Matches
206,Malo Gusto,fr FRA,DF,Chelsea,22-361,2003,24.2,2,12,6,50.0,0.5,0.25,0.17,0.33,0,0,Matches
207,Joško Gvardiol,hr CRO,DF,Manchester City,24-112,2002,15.1,2,17,6,35.3,1.13,0.4,0.12,0.33,0,0,Matches
208,Viktor Gyökeres,se SWE,FW,Arsenal,27-345,1998,24.4,14,54,22,40.7,2.21,0.9,0.2,0.5,3,3,Matches
209,Erling Haaland,no NOR,FW,Manchester City,25-298,2000,31.8,26,124,58,46.8,3.9,1.82,0.19,0.4,3,4,Matches
210,Lewis Hall,eng ENG,DF,Newcastle United,21-249,2004,22.2,1,22,5,22.7,0.99,0.22,0.05,0.2,0,0,Matches
211,Jack Harrison,eng ENG,FW,Leeds United,29-176,1996,3.0,0,6,2,33.3,2.01,0.67,0.0,0.0,0,0,Matches
212,Quilindschy Hartman,nl NED,DF,Burnley,24-182,2001,20.3,0,9,3,33.3,0.44,0.15,0.0,0.0,0,0,Matches
213,Jorrel Hato,nl NED,DF,Chelsea,20-069,2006,11.2,0,4,0,0.0,0.36,0.0,0.0,,0,0,Matches
214,Kai Havertz,de GER,"MF,FW",Arsenal,26-338,1999,5.2,1,12,3,25.0,2.33,0.58,0.08,0.33,0,0,Matches
215,Ayden Heaven,eng ENG,DF,Manchester Utd,19-235,2006,10.3,0,3,0,0.0,0.29,0.0,0.0,,0,0,Matches
216,Jan Paul van Hecke,nl NED,DF,Brighton,25-341,2000,33.7,3,22,10,45.5,0.65,0.3,0.14,0.3,0,0,Matches
217,Hwang Hee-chan,kr KOR,"FW,MF",Wolves,30-109,1996,14.2,2,17,6,35.3,1.2,0.42,0.06,0.17,1,1,Matches
218,George Hemmings,eng ENG,MF,Aston Villa,19-072,2007,0.3,0,1,0,0.0,3.33,0.0,0.0,,0,0,Matches
219,Dean Henderson,eng ENG,GK,Crystal Palace,29-064,1997,35.0,0,0,0,,0.0,0.0,,,0,0,Matches
220,Jordan Henderson,eng ENG,MF,Brentford,35-332,1990,20.4,1,6,1,16.7,0.29,0.05,0.17,1.0,0,0,Matches
221,Rico Henry,jm JAM,DF,Brentford,28-311,1997,14.8,0,5,0,0.0,0.34,0.0,0.0,,0,0,Matches
222,Mads Hermansen,dk DEN,GK,West Ham United,25-308,2000,16.0,0,0,0,,0.0,0.0,,,0,0,Matches
223,Aaron Hickey,sct SCO,"DF,MF",Brentford,23-339,2002,7.3,0,6,1,16.7,0.82,0.14,0.0,0.0,0,0,Matches
224,James Hill,eng ENG,DF,Bournemouth,24-125,2002,21.4,0,11,2,18.2,0.51,0.09,0.0,0.0,0,0,Matches
225,Piero Hincapié,ec ECU,DF,Arsenal,24-126,2002,18.7,1,2,1,50.0,0.11,0.05,0.5,1.0,0,0,Matches
226,Jack Hinshelwood,eng ENG,MF,Brighton,21-034,2005,17.6,4,34,14,41.2,1.93,0.79,0.12,0.29,0,0,Matches
227,Ki-Jana Hoever,nl NED,"MF,DF",Wolves,24-117,2002,4.7,0,1,1,100.0,0.21,0.21,0.0,0.0,0,0,Matches
228,Harry Howell,eng ENG,MF,Brighton,18-025,2008,1.0,0,0,0,,0.0,0.0,,,0,0,Matches
229,Callum Hudson-Odoi,eng ENG,MF,Nottingham Forest,25-189,2000,20.5,3,30,10,33.3,1.47,0.49,0.1,0.3,0,0,Matches
230,Will Hughes,eng ENG,MF,Crystal Palace,31-028,1995,16.5,0,17,0,0.0,1.03,0.0,0.0,,0,0,Matches
231,Trai Hume,nir NIR,"DF,MF",Sunderland,24-058,2002,32.1,1,32,6,18.8,1.0,0.19,0.03,0.17,0,0,Matches
232,Bashir Humphreys,eng ENG,"DF,MF",Burnley,23-061,2003,16.4,0,9,3,33.3,0.55,0.18,0.0,0.0,0,0,Matches
233,Omari Hutchinson,eng ENG,MF,Nottingham Forest,22-197,2003,17.1,1,25,11,44.0,1.46,0.64,0.04,0.09,0,0,Matches
234,Igor,br BRA,DF,West Ham United,28-097,1998,1.2,0,0,0,,0.0,0.0,,,0,0,Matches
235,Tim Iroegbunam,eng ENG,MF,Everton,22-319,2003,14.8,0,12,1,8.3,0.81,0.07,0.0,0.0,0,0,Matches
236,Andy Irving,sct SCO,MF,West Ham United,26-002,2000,1.8,0,0,0,,0.0,0.0,,,0,0,Matches
237,Alexander Isak,se SWE,FW,Liverpool,26-236,1999,7.8,3,17,6,35.3,2.19,0.77,0.18,0.5,0,0,Matches
238,Wilson Isidor,ht HAI,FW,Sunderland,25-261,2000,12.5,5,40,16,40.0,3.21,1.28,0.13,0.31,0,0,Matches
239,Alex Iwobi,ng NGA,MF,Fulham,30-012,1996,25.1,4,31,12,38.7,1.23,0.48,0.13,0.33,0,0,Matches
240,Daniel James,wls WAL,"FW,MF",Leeds United,28-186,1997,5.3,0,12,3,25.0,2.25,0.56,0.0,0.0,0,0,Matches
241,Reece James,eng ENG,"DF,MF",Chelsea,26-158,1999,21.4,2,21,6,28.6,0.98,0.28,0.1,0.33,0,0,Matches
242,Vitaly Janelt,de GER,MF,Brentford,28-005,1998,14.4,1,12,3,25.0,0.84,0.21,0.08,0.33,0,0,Matches
243,Mathias Jensen,dk DEN,MF,Brentford,30-134,1996,23.4,3,28,8,28.6,1.2,0.34,0.11,0.38,0,0,Matches
244,Gabriel Jesus,br BRA,FW,Arsenal,29-042,1997,3.9,2,15,10,66.7,3.8,2.54,0.13,0.2,0,0,Matches
245,Igor Jesus,br BRA,FW,Nottingham Forest,25-079,2001,23.6,6,66,20,30.3,2.8,0.85,0.08,0.25,1,1,Matches
246,Álex Jiménez,es ESP,"DF,MF",Bournemouth,21-007,2005,25.7,1,21,4,19.0,0.82,0.16,0.05,0.25,0,0,Matches
247,Raúl Jiménez,mx MEX,FW,Fulham,35-010,1991,23.8,9,70,18,25.7,2.94,0.75,0.07,0.28,4,4,Matches
248,Jamaldeen Jimoh,eng ENG,MF,Aston Villa,19-225,2006,0.1,0,0,0,,0.0,0.0,,,0,0,Matches
249,João Pedro,br BRA,"FW,MF",Chelsea,24-231,2001,28.6,15,71,28,39.4,2.49,0.98,0.21,0.54,0,0,Matches
250,Joelinton,br BRA,MF,Newcastle United,29-274,1996,21.7,2,32,11,34.4,1.48,0.51,0.06,0.18,0,0,Matches
251,John,br BRA,GK,Nottingham Forest,30-091,1996,4.9,0,0,0,,0.0,0.0,,,0,0,Matches
252,Brennan Johnson,wls WAL,"MF,FW",Tottenham Hotspur,24-357,2001,6.8,2,6,2,33.3,0.89,0.3,0.33,1.0,0,0,Matches
253,Brennan Johnson,wls WAL,"MF,FW",Crystal Palace,24-357,2001,11.9,0,17,3,17.6,1.43,0.25,0.0,0.0,0,0,Matches
254,Sam Johnstone,eng ENG,GK,Wolves,33-051,1993,12.0,0,0,0,,0.0,0.0,,,0,0,Matches
255,Curtis Jones,eng ENG,"MF,DF",Liverpool,25-105,2001,19.5,0,19,6,31.6,0.97,0.31,0.0,0.0,0,0,Matches
256,Eli Junior Kroupi,fr FRA,"MF,FW",Bournemouth,19-326,2006,16.9,12,44,20,45.5,2.6,1.18,0.23,0.5,2,2,Matches
257,Hamed Junior Traorè,ci CIV,MF,Bournemouth,26-088,2000,0.2,0,0,0,,0.0,0.0,,,0,0,Matches
258,James Justin,eng ENG,"DF,MF",Leeds United,28-081,1998,19.1,2,22,6,27.3,1.15,0.31,0.09,0.33,0,0,Matches
259,Filip Jørgensen,dk DEN,GK,Chelsea,24-029,2002,4.2,0,0,0,,0.0,0.0,,,0,0,Matches
260,Ferdi Kadioglu,tr TUR,"DF,MF",Brighton,26-220,1999,32.8,1,26,12,46.2,0.79,0.37,0.04,0.08,0,0,Matches
261,Sasa Kalajdzic,at AUT,"FW,MF",Wolves,28-312,1997,0.2,0,0,0,,0.0,0.0,,,0,0,Matches
262,Arnaud Kalimuendo,fr FRA,FW,Nottingham Forest,24-115,2002,1.1,0,4,1,25.0,3.75,0.94,0.0,0.0,0,0,Matches
263,Daichi Kamada,jp JPN,MF,Crystal Palace,29-283,1996,19.6,0,18,4,22.2,0.92,0.2,0.0,0.0,0,0,Matches
264,Boubacar Kamara,fr FRA,MF,Aston Villa,26-173,1999,15.7,1,7,4,57.1,0.45,0.26,0.14,0.25,0,0,Matches
265,Mohamadou Kanté,fr FRA,MF,West Ham United,20-237,2005,0.5,0,2,0,0.0,4.09,0.0,0.0,,0,0,Matches
266,Michael Kayode,it ITA,DF,Brentford,21-309,2004,34.2,1,9,3,33.3,0.26,0.09,0.11,0.33,0,0,Matches
267,Michael Keane,eng ENG,DF,Everton,33-124,1993,26.8,3,24,7,29.2,0.9,0.26,0.13,0.43,0,0,Matches
268,Caoimhín Kelleher,ie IRL,GK,Brentford,27-173,1998,35.0,0,0,0,,0.0,0.0,,,0,0,Matches
269,Milos Kerkez,hu HUN,DF,Liverpool,22-189,2003,24.0,2,8,2,25.0,0.33,0.08,0.25,1.0,0,0,Matches
270,Kevin,br BRA,MF,Fulham,23-131,2003,10.4,1,23,10,43.5,2.21,0.96,0.04,0.1,0,0,Matches
271,Abdukodir Khusanov,uz UZB,DF,Manchester City,22-075,2004,14.9,0,6,1,16.7,0.4,0.07,0.0,0.0,0,0,Matches
272,Max Kilman,eng ENG,DF,West Ham United,28-357,1997,17.3,0,7,1,14.3,0.4,0.06,0.0,0.0,0,0,Matches
273,Joshua King,eng ENG,MF,Fulham,19-132,2007,14.1,1,25,10,40.0,1.78,0.71,0.04,0.1,0,0,Matches
274,Antonín Kinský,cz CZE,GK,Tottenham Hotspur,23-063,2003,5.0,0,0,0,,0.0,0.0,,,0,0,Matches
275,Justin Kluivert,nl NED,MF,Bournemouth,27-010,1999,10.2,2,16,4,25.0,1.57,0.39,0.13,0.5,0,0,Matches
276,Joe Knight,eng ENG,MF,Brighton,20-236,2005,0.0,0,0,0,,0.0,0.0,,,0,0,Matches
277,Randal Kolo Muani,fr FRA,"FW,MF",Tottenham Hotspur,27-161,1998,17.5,1,19,4,21.1,1.08,0.23,0.05,0.25,0,0,Matches
278,Ibrahima Konaté,fr FRA,DF,Liverpool,26-355,1999,32.4,1,10,3,30.0,0.31,0.09,0.1,0.33,0,0,Matches
279,Ezri Konsa,eng ENG,DF,Aston Villa,28-204,1997,32.7,0,11,2,18.2,0.34,0.06,0.0,0.0,0,0,Matches
280,Charalampos Kostoulas,gr GRE,FW,Brighton,18-350,2007,3.6,2,17,7,41.2,4.66,1.92,0.12,0.29,0,0,Matches
281,Mateo Kovačić,hr CRO,MF,Manchester City,32-009,1994,0.5,0,1,0,0.0,2.09,0.0,0.0,,0,0,Matches
282,Emil Krafth,se SWE,DF,Newcastle United,31-286,1994,0.5,0,0,0,,0.0,0.0,,,0,0,Matches
283,Ladislav Krejčí,cz CZE,"DF,MF",Wolves,27-025,1999,24.5,2,19,10,52.6,0.78,0.41,0.11,0.2,0,0,Matches
284,Mohammed Kudus,gh GHA,"MF,FW",Tottenham Hotspur,25-286,2000,17.1,2,26,9,34.6,1.52,0.53,0.08,0.22,0,0,Matches
285,Jonah Kusi-Asare,se SWE,FW,Fulham,18-315,2007,0.6,0,0,0,,0.0,0.0,,,0,0,Matches
286,Shea Lacey,eng ENG,FW,Manchester Utd,19-031,2007,0.2,0,3,1,33.3,19.29,6.43,0.0,0.0,0,0,Matches
287,Maxence Lacroix,fr FRA,DF,Crystal Palace,26-039,2000,33.6,1,24,7,29.2,0.71,0.21,0.04,0.14,0,0,Matches
288,Senne Lammens,be BEL,GK,Manchester Utd,23-312,2002,30.0,0,0,0,,0.0,0.0,,,0,0,Matches
289,Jamaal Lascelles,eng ENG,DF,Newcastle United,32-185,1993,0.2,0,1,0,0.0,4.29,0.0,0.0,,0,0,Matches
290,Josh Laurent,eng ENG,"DF,MF",Burnley,31-009,1995,19.4,1,15,4,26.7,0.77,0.21,0.07,0.25,0,0,Matches
291,Roméo Lavia,be BEL,MF,Chelsea,22-129,2004,4.2,0,3,0,0.0,0.71,0.0,0.0,,0,0,Matches
292,Enzo Le Fée,fr FRA,"MF,FW",Sunderland,26-101,2000,30.6,4,32,9,28.1,1.05,0.29,0.03,0.11,3,4,Matches
293,Bernd Leno,de GER,GK,Fulham,34-072,1992,36.0,0,0,0,,0.0,0.0,,,0,0,Matches
294,Jefferson Lerma,co COL,"MF,DF",Crystal Palace,31-202,1994,18.1,0,19,7,36.8,1.05,0.39,0.0,0.0,0,0,Matches
295,Rico Lewis,eng ENG,DF,Manchester City,21-175,2004,3.5,0,2,0,0.0,0.57,0.0,0.0,,0,0,Matches
296,Keane Lewis-Potter,eng ENG,"DF,MF",Brentford,25-082,2001,19.9,3,28,9,32.1,1.4,0.45,0.11,0.33,0,0,Matches
297,Myles Lewis-Skelly,eng ENG,"MF,DF",Arsenal,19-231,2006,6.7,0,2,0,0.0,0.3,0.0,0.0,,0,0,Matches
298,Matthijs de Ligt,nl NED,DF,Manchester Utd,26-276,1999,13.0,1,11,3,27.3,0.85,0.23,0.09,0.33,0,0,Matches
299,Pedro Lima,br BRA,MF,Wolves,19-318,2006,2.7,0,2,0,0.0,0.73,0.0,0.0,,0,0,Matches
300,Victor Lindelöf,se SWE,"DF,MF",Aston Villa,31-302,1994,9.2,0,3,0,0.0,0.32,0.0,0.0,,0,0,Matches
301,Valentino Livramento,eng ENG,DF,Newcastle United,23-184,2002,14.8,0,3,0,0.0,0.2,0.0,0.0,,0,0,Matches
302,Sean Longstaff,eng ENG,MF,Leeds United,28-197,1997,10.9,2,16,4,25.0,1.47,0.37,0.13,0.5,0,0,Matches
303,Fer López,es ESP,MF,Wolves,21-356,2004,2.6,0,5,1,20.0,1.91,0.38,0.0,0.0,0,0,Matches
304,Lucas,br BRA,"MF,DF",Burnley,25-052,2001,13.7,0,11,1,9.1,0.81,0.07,0.0,0.0,0,0,Matches
305,Lorenzo Lucca,it ITA,FW,Nottingham Forest,25-247,2000,1.4,1,4,1,25.0,2.79,0.7,0.25,1.0,0,0,Matches
306,Florentino Luís,pt POR,MF,Burnley,26-269,1999,21.5,0,11,1,9.1,0.51,0.05,0.0,0.0,0,0,Matches
307,Douglas Luiz,br BRA,MF,Aston Villa,28-006,1998,5.9,1,6,4,66.7,1.02,0.68,0.17,0.25,0,0,Matches
308,Douglas Luiz,br BRA,MF,Nottingham Forest,28-006,1998,3.5,0,5,1,20.0,1.43,0.29,0.0,0.0,0,0,Matches
309,Saša Lukić,rs SRB,MF,Fulham,29-275,1996,18.3,1,18,6,33.3,0.99,0.33,0.06,0.17,0,0,Matches
310,Ian Maatsen,nl NED,DF,Aston Villa,24-066,2002,16.8,0,19,5,26.3,1.13,0.3,0.0,0.0,0,0,Matches
311,Alexis Mac Allister,ar ARG,MF,Liverpool,27-142,1998,27.5,2,47,11,23.4,1.71,0.4,0.04,0.18,0,0,Matches
312,James Maddison,eng ENG,"FW,MF",Tottenham Hotspur,29-173,1996,0.1,0,0,0,,0.0,0.0,,,0,0,Matches
313,Noni Madueke,eng ENG,"FW,MF",Arsenal,24-066,2002,12.5,2,21,7,33.3,1.67,0.56,0.1,0.29,0,0,Matches
314,Gabriel Magalhães,br BRA,DF,Arsenal,28-147,1997,29.1,3,26,7,26.9,0.89,0.24,0.12,0.43,0,0,Matches
315,Soungoutou Magassa,fr FRA,MF,West Ham United,22-219,2003,10.9,1,7,2,28.6,0.64,0.18,0.14,0.5,0,0,Matches
316,Harry Maguire,eng ENG,DF,Manchester Utd,33-071,1993,16.4,1,13,4,30.8,0.79,0.24,0.08,0.25,0,0,Matches
317,Kobbie Mainoo,eng ENG,MF,Manchester Utd,21-026,2005,16.5,1,11,3,27.3,0.67,0.18,0.09,0.33,0,0,Matches
318,Tyrell Malacia,nl NED,DF,Manchester Utd,26-271,1999,0.1,0,0,0,,0.0,0.0,,,0,0,Matches
319,Donyell Malen,nl NED,"FW,MF",Aston Villa,27-126,1999,7.3,4,27,9,33.3,3.7,1.23,0.15,0.44,0,0,Matches
320,Giorgi Mamardashvili,ge GEO,GK,Liverpool,25-228,2000,8.6,0,0,0,,0.0,0.0,,,0,0,Matches
321,Reinildo Mandava,mz MOZ,DF,Sunderland,32-114,1994,19.8,0,4,0,0.0,0.2,0.0,0.0,,0,0,Matches
322,Mateus Mane,pt POR,MF,Wolves,18-241,2007,17.9,2,35,14,40.0,1.95,0.78,0.06,0.14,0,0,Matches
323,Bendito Mantato,eng ENG,MF,Manchester Utd,18-110,2008,0.2,0,0,0,,0.0,0.0,,,0,0,Matches
324,Solly March,eng ENG,MF,Brighton,31-299,1994,0.1,0,0,0,,0.0,0.0,,,0,0,Matches
325,Omar Marmoush,eg EGY,"FW,MF",Manchester City,27-097,1999,7.6,3,29,9,31.0,3.81,1.18,0.1,0.33,0,0,Matches
326,Callum Marshall,nir NIR,FW,West Ham United,21-168,2004,0.7,0,1,0,0.0,1.5,0.0,0.0,,0,0,Matches
327,Gabriel Martinelli,br BRA,"FW,MF",Arsenal,24-331,2001,11.0,1,28,12,42.9,2.55,1.09,0.04,0.08,0,0,Matches
328,Emiliano Martínez,ar ARG,GK,Aston Villa,33-255,1992,30.5,0,0,0,,0.0,0.0,,,0,0,Matches
329,Lisandro Martínez,ar ARG,DF,Manchester Utd,28-117,1998,11.7,0,4,0,0.0,0.34,0.0,0.0,,0,0,Matches
330,Arthur Masuaku,cd COD,DF,Sunderland,32-189,1993,1.4,0,1,0,0.0,0.71,0.0,0.0,,0,0,Matches
331,Pape Matar Sarr,sn SEN,MF,Tottenham Hotspur,23-243,2002,15.1,2,16,6,37.5,1.06,0.4,0.13,0.33,0,0,Matches
332,Jean-Philippe Mateta,fr FRA,FW,Crystal Palace,28-321,1997,24.2,11,62,31,50.0,2.57,1.28,0.11,0.23,4,4,Matches
333,Konstantinos Mavropanos,gr GRE,DF,West Ham United,28-155,1997,26.2,3,22,8,36.4,0.84,0.31,0.14,0.38,0,0,Matches
334,Eliezer Mayenda,es ESP,"FW,MF",Sunderland,21-007,2005,8.4,2,13,6,46.2,1.54,0.71,0.15,0.33,0,0,Matches
335,Ezra Mayers,bb BRB,DF,West Ham United,19-119,2007,1.3,0,1,0,0.0,0.77,0.0,0.0,,0,0,Matches
336,Noussair Mazraoui,ma MAR,"DF,MF",Manchester Utd,28-182,1997,10.1,0,5,0,0.0,0.49,0.0,0.0,,0,0,Matches
337,Bryan Mbeumo,cm CMR,"MF,FW",Manchester Utd,26-281,1999,27.3,9,66,30,45.5,2.42,1.1,0.14,0.3,0,0,Matches
338,James Mcatee,eng ENG,MF,Nottingham Forest,23-209,2002,3.1,0,4,0,0.0,1.29,0.0,0.0,,0,0,Matches
339,John McGinn,sct SCO,MF,Aston Villa,31-209,1994,22.7,4,26,10,38.5,1.15,0.44,0.15,0.4,0,0,Matches
340,Dwight McNeil,eng ENG,MF,Everton,26-174,1999,12.9,0,24,5,20.8,1.85,0.39,0.0,0.0,0,0,Matches
341,Hannibal Mejbri,tn TUN,MF,Burnley,23-114,2003,12.2,1,16,4,25.0,1.32,0.33,0.06,0.25,0,0,Matches
342,Mikel Merino,es ESP,"MF,FW",Arsenal,29-327,1996,11.2,4,21,8,38.1,1.88,0.71,0.19,0.5,0,0,Matches
343,Antoni Milambo,nl NED,MF,Brentford,21-042,2005,0.5,0,0,0,,0.0,0.0,,,0,0,Matches
344,Nikola Milenković,rs SRB,DF,Nottingham Forest,28-215,1997,35.5,0,15,1,6.7,0.42,0.03,0.0,0.0,0,0,Matches
345,Lewis Miley,eng ENG,"MF,DF",Newcastle United,20-014,2006,16.6,1,12,4,33.3,0.72,0.24,0.08,0.25,0,0,Matches
346,James Milner,eng ENG,MF,Brighton,40-131,1986,8.1,1,8,2,25.0,0.99,0.25,0.0,0.0,1,1,Matches
347,Veljko Milosavljević,rs SRB,DF,Bournemouth,18-321,2007,4.1,0,1,0,0.0,0.24,0.0,0.0,,0,0,Matches
348,Tyrone Mings,eng ENG,DF,Aston Villa,33-063,1993,13.7,0,9,1,11.1,0.66,0.07,0.0,0.0,0,0,Matches
349,Yankuba Minteh,gm GAM,MF,Brighton,21-297,2004,25.1,3,41,11,26.8,1.63,0.44,0.07,0.27,0,0,Matches
350,Tyrick Mitchell,eng ENG,MF,Crystal Palace,26-256,1999,34.6,1,17,7,41.2,0.49,0.2,0.06,0.14,0,0,Matches
351,Kaoru Mitoma,jp JPN,"MF,FW",Brighton,28-360,1997,19.1,3,32,13,40.6,1.67,0.68,0.09,0.23,0,0,Matches
352,Morato,br BRA,DF,Nottingham Forest,24-319,2001,12.9,0,4,1,25.0,0.31,0.08,0.0,0.0,0,0,Matches
353,Cristhian Mosquera,es ESP,DF,Arsenal,21-322,2004,9.0,0,1,0,0.0,0.11,0.0,0.0,,0,0,Matches
354,Yerson Mosquera,co COL,DF,Wolves,25-013,2001,21.7,0,26,6,23.1,1.2,0.28,0.0,0.0,0,0,Matches
355,Mason Mount,eng ENG,MF,Manchester Utd,27-125,1999,10.4,3,18,5,27.8,1.73,0.48,0.17,0.6,0,0,Matches
356,Divine Mukasa,eng ENG,MF,Manchester City,18-266,2007,0.3,0,0,0,,0.0,0.0,,,0,0,Matches
357,Nordi Mukiele,fr FRA,DF,Sunderland,28-195,1997,28.9,3,22,4,18.2,0.76,0.14,0.14,0.75,0,0,Matches
358,Romaine Mundle,eng ENG,MF,Sunderland,23-021,2003,4.6,0,7,2,28.6,1.53,0.44,0.0,0.0,0,0,Matches
359,Marshall Munetsi,zw ZIM,"MF,FW",Wolves,29-327,1996,9.7,1,14,6,42.9,1.44,0.62,0.07,0.17,0,0,Matches
360,Rodrigo Muniz,br BRA,FW,Fulham,25-011,2001,9.6,1,28,4,14.3,2.92,0.42,0.04,0.25,0,0,Matches
361,Daniel Muñoz,co COL,MF,Crystal Palace,29-354,1996,25.2,4,23,10,43.5,0.91,0.4,0.17,0.4,0,0,Matches
362,Murillo,br BRA,DF,Nottingham Forest,23-315,2002,23.7,1,11,4,36.4,0.46,0.17,0.09,0.25,0,0,Matches
363,Alex Murphy,ie IRL,DF,Newcastle United,21-324,2004,0.0,0,0,0,,0.0,0.0,,,0,0,Matches
364,Jacob Murphy,eng ENG,"FW,MF",Newcastle United,31-080,1995,17.3,3,40,12,30.0,2.31,0.69,0.08,0.25,0,0,Matches
365,Vitaliy Mykolenko,ua UKR,DF,Everton,26-351,1999,30.9,0,9,2,22.2,0.29,0.06,0.0,0.0,0,0,Matches
366,David Møller Wolfe,no NOR,"MF,DF",Wolves,24-022,2002,9.9,0,3,0,0.0,0.3,0.0,0.0,,0,0,Matches
367,Iliman Ndiaye,sn SEN,MF,Everton,26-070,2000,28.9,6,41,22,53.7,1.42,0.76,0.1,0.18,2,2,Matches
368,Dan Ndoye,ch SUI,MF,Nottingham Forest,25-202,2000,13.0,1,15,4,26.7,1.15,0.31,0.07,0.25,0,0,Matches
369,Dan Neil,eng ENG,MF,Sunderland,24-153,2001,0.2,0,0,0,,0.0,0.0,,,0,0,Matches
370,Reiss Nelson,eng ENG,"FW,MF",Brentford,26-156,1999,1.4,0,5,1,20.0,3.63,0.73,0.0,0.0,0,0,Matches
371,Pedro Neto,pt POR,MF,Chelsea,26-067,2000,27.5,5,44,12,27.3,1.6,0.44,0.11,0.42,0,0,Matches
372,Luca Netz,de GER,"MF,DF",Nottingham Forest,23-000,2003,2.7,0,0,0,,0.0,0.0,,,0,0,Matches
373,Rio Ngumoha,eng ENG,MF,Liverpool,17-259,2008,4.4,2,11,6,54.5,2.49,1.36,0.18,0.33,0,0,Matches
374,Eddie Nketiah,eng ENG,MF,Crystal Palace,26-350,1999,4.7,2,15,6,40.0,3.18,1.27,0.13,0.33,0,0,Matches
375,Lukas Nmecha,de GER,FW,Leeds United,27-152,1998,10.7,6,29,16,55.2,2.71,1.5,0.14,0.25,2,3,Matches
376,Matheus Nunes,pt POR,DF,Manchester City,27-261,1998,30.8,1,7,2,28.6,0.23,0.06,0.14,0.5,0,0,Matches
377,Ethan Nwaneri,eng ENG,MF,Arsenal,19-055,2007,1.9,0,6,0,0.0,3.16,0.0,0.0,,0,0,Matches
378,Trey Nyoni,eng ENG,MF,Liverpool,18-319,2007,0.2,0,1,0,0.0,5.63,0.0,0.0,,0,0,Matches
379,Christian Nørgaard,dk DEN,MF,Arsenal,32-066,1994,0.7,0,1,1,100.0,1.48,1.48,0.0,0.0,0,0,Matches
380,Jake O'Brien,ie IRL,DF,Everton,25-000,2001,33.0,1,11,5,45.5,0.33,0.15,0.09,0.2,0,0,Matches
381,Luke O'Nien,eng ENG,DF,Sunderland,31-175,1994,4.6,0,1,0,0.0,0.22,0.0,0.0,,0,0,Matches
382,Matt O'Riley,dk DEN,MF,Brighton,25-175,2000,2.3,1,4,2,50.0,1.76,0.88,0.0,0.0,1,1,Matches
383,Wilson Odobert,fr FRA,"MF,FW",Tottenham Hotspur,21-168,2004,10.9,0,21,8,38.1,1.92,0.73,0.0,0.0,0,0,Matches
384,Noah Okafor,ch SUI,"FW,MF",Leeds United,25-356,2000,17.3,8,35,15,42.9,2.02,0.86,0.23,0.53,0,0,Matches
385,Callum Olusesi,eng ENG,MF,Tottenham Hotspur,19-118,2007,0.2,0,0,0,,0.0,0.0,,,0,0,Matches
386,Amadou Onana,be BEL,MF,Aston Villa,24-272,2001,19.3,2,19,7,36.8,0.98,0.36,0.11,0.29,0,0,Matches
387,Frank Onyeka,ng NGA,MF,Brentford,28-134,1998,1.0,0,0,0,,0.0,0.0,,,0,0,Matches
388,Nehemiah Oriola,eng ENG,MF,Brighton,18-338,2007,0.0,0,0,0,,0.0,0.0,,,0,0,Matches
389,Stefan Ortega,de GER,GK,Nottingham Forest,33-190,1992,3.0,0,0,0,,0.0,0.0,,,0,0,Matches
390,William Osula,dk DEN,FW,Newcastle United,22-284,2003,7.4,5,20,10,50.0,2.69,1.34,0.25,0.5,0,0,Matches
391,Dango Ouattara,bf BFA,MF,Brentford,24-093,2002,23.3,5,48,17,35.4,2.06,0.73,0.1,0.29,0,0,Matches
392,Nico O’Reilly,eng ENG,"DF,MF",Manchester City,21-055,2005,28.4,5,39,14,35.9,1.37,0.49,0.13,0.36,0,0,Matches
393,Pablo,br BRA,"MF,FW",West Ham United,22-133,2004,8.3,0,10,2,20.0,1.2,0.24,0.0,0.0,0,0,Matches
394,João Palhinha,pt POR,MF,Tottenham Hotspur,30-310,1995,22.7,4,28,8,28.6,1.23,0.35,0.14,0.5,0,0,Matches
395,Cole Palmer,eng ENG,MF,Chelsea,24-009,2002,19.7,9,58,22,37.9,2.94,1.11,0.07,0.18,5,6,Matches
396,Lucas Paquetá,br BRA,"MF,FW",West Ham United,28-261,1997,16.8,4,23,11,47.8,1.37,0.66,0.09,0.18,2,2,Matches
397,Nathan Patterson,sct SCO,DF,Everton,24-211,2001,2.7,0,1,1,100.0,0.37,0.37,0.0,0.0,0,0,Matches
398,Myles Peart-Harris,eng ENG,MF,Brentford,23-239,2002,0.0,0,0,0,,0.0,0.0,,,0,0,Matches
399,Lucas Perri,br BRA,GK,Leeds United,28-156,1997,16.0,0,0,0,,0.0,0.0,,,0,0,Matches
400,Đorđe Petrović,rs SRB,GK,Bournemouth,26-219,1999,36.0,0,0,0,,0.0,0.0,,,0,0,Matches
401,Jordan Pickford,eng ENG,GK,Everton,32-069,1994,36.0,0,0,0,,0.0,0.0,,,0,0,Matches
402,Ethan Pinnock,jm JAM,DF,Brentford,32-351,1993,3.5,0,1,1,100.0,0.28,0.28,0.0,0.0,0,0,Matches
403,Yeremi Pino,es ESP,"MF,FW",Crystal Palace,23-207,2002,22.1,2,42,11,26.2,1.9,0.5,0.05,0.18,0,0,Matches
404,Joël Piroe,sr SUR,FW,Leeds United,26-286,1999,2.5,0,11,2,18.2,4.34,0.79,0.0,0.0,0,0,Matches
405,Nick Pope,eng ENG,GK,Newcastle United,34-026,1992,24.8,0,1,1,100.0,0.04,0.04,0.0,0.0,0,0,Matches
406,Pedro Porro,es ESP,DF,Tottenham Hotspur,26-244,1999,29.1,1,30,8,26.7,1.03,0.28,0.03,0.13,0,0,Matches
407,Freddie Potts,eng ENG,MF,West Ham United,22-245,2003,13.0,0,3,1,33.3,0.23,0.08,0.0,0.0,0,0,Matches
408,Aaron Ramsdale,eng ENG,GK,Newcastle United,28-001,1998,11.2,0,0,0,,0.0,0.0,,,0,0,Matches
409,Jacob Ramsey,eng ENG,MF,Newcastle United,24-352,2001,14.1,2,16,4,25.0,1.13,0.28,0.13,0.5,0,0,Matches
410,David Raya,es ESP,GK,Arsenal,30-242,1995,36.0,0,0,0,,0.0,0.0,,,0,0,Matches
411,Rayan,br BRA,MF,Bournemouth,19-285,2006,10.6,5,25,8,32.0,2.35,0.75,0.2,0.63,0,0,Matches
412,Harrison Reed,eng ENG,MF,Fulham,31-108,1995,1.0,1,2,1,50.0,1.91,0.96,0.5,1.0,0,0,Matches
413,Tijjani Reijnders,nl NED,MF,Manchester City,27-290,1998,17.3,5,45,15,33.3,2.6,0.87,0.11,0.33,0,0,Matches
414,Chadi Riad,ma MAR,DF,Crystal Palace,22-332,2003,4.3,0,2,1,50.0,0.46,0.23,0.0,0.0,0,0,Matches
415,Declan Rice,eng ENG,MF,Arsenal,27-121,1999,33.4,4,40,13,32.5,1.2,0.39,0.1,0.31,0,0,Matches
416,Chris Richards,us USA,DF,Crystal Palace,26-048,2000,31.1,1,15,2,13.3,0.48,0.06,0.07,0.5,0,0,Matches
417,Richarlison,br BRA,"FW,MF",Tottenham Hotspur,29-005,1997,20.0,10,56,24,42.9,2.8,1.2,0.18,0.42,0,0,Matches
418,Chris Rigg,eng ENG,MF,Sunderland,18-331,2007,8.3,1,12,3,25.0,1.45,0.36,0.08,0.33,0,0,Matches
419,Patrick Roberts,eng ENG,"FW,MF",Sunderland,29-099,1997,0.3,0,1,0,0.0,3.21,0.0,0.0,,0,0,Matches
420,Andrew Robertson,sct SCO,DF,Liverpool,32-065,1994,12.2,1,9,3,33.3,0.74,0.25,0.11,0.33,0,0,Matches
421,Antonee Robinson,us USA,"DF,MF",Fulham,28-280,1997,14.6,0,4,0,0.0,0.27,0.0,0.0,,0,0,Matches
422,Kaden Rodney,eng ENG,"DF,MF",Crystal Palace,21-220,2004,0.0,0,0,0,,0.0,0.0,,,0,0,Matches
423,Joe Rodon,wls WAL,DF,Leeds United,28-205,1997,30.8,2,18,7,38.9,0.58,0.23,0.11,0.29,0,0,Matches
424,Rodri,es ESP,MF,Manchester City,29-327,1996,15.8,1,12,2,16.7,0.76,0.13,0.08,0.5,0,0,Matches
425,Guido Rodríguez,ar ARG,MF,West Ham United,32-033,1994,2.0,0,1,0,0.0,0.5,0.0,0.0,,0,0,Matches
426,Robin Roefs,nl NED,GK,Sunderland,23-118,2003,33.0,0,0,0,,0.0,0.0,,,0,0,Matches
427,Morgan Rogers,eng ENG,MF,Aston Villa,23-293,2002,35.4,9,83,31,37.3,2.34,0.87,0.11,0.29,0,0,Matches
428,Merlin Röhl,de GER,MF,Everton,23-314,2002,5.9,0,8,0,0.0,1.35,0.0,0.0,,0,0,Matches
429,Cristian Romero,ar ARG,DF,Tottenham Hotspur,28-018,1998,20.8,4,17,6,35.3,0.82,0.29,0.24,0.67,0,0,Matches
430,James Rowswell,eng ENG,DF,Tottenham Hotspur,19-306,2006,0.0,0,0,0,,0.0,0.0,,,0,0,Matches
431,Georginio Rutter,fr FRA,"MF,FW",Brighton,24-025,2002,19.4,3,39,13,33.3,2.01,0.67,0.08,0.23,0,0,Matches
432,José Sá,pt POR,GK,Wolves,33-118,1993,21.0,0,0,0,,0.0,0.0,,,0,0,Matches
433,Noah Sadiki,cd COD,MF,Sunderland,21-149,2004,30.3,0,19,5,26.3,0.63,0.17,0.0,0.0,0,0,Matches
434,Bukayo Saka,eng ENG,"FW,MF",Arsenal,24-252,2001,23.7,7,68,27,39.7,2.87,1.14,0.09,0.22,1,1,Matches
435,Mohamed Salah,eg EGY,MF,Liverpool,33-334,1992,22.8,7,64,17,26.6,2.8,0.74,0.09,0.35,1,1,Matches
436,William Saliba,fr FRA,DF,Arsenal,25-052,2001,28.0,1,5,1,20.0,0.18,0.04,0.2,1.0,0,0,Matches
437,Robert Sánchez,es ESP,GK,Chelsea,28-178,1997,31.8,0,0,0,,0.0,0.0,,,0,0,Matches
438,Jadon Sancho,eng ENG,MF,Aston Villa,26-051,2000,9.7,0,10,3,30.0,1.03,0.31,0.0,0.0,0,0,Matches
439,Ibrahim Sangaré,ci CIV,MF,Nottingham Forest,28-164,1997,22.1,2,16,5,31.3,0.72,0.23,0.13,0.4,0,0,Matches
440,Andrey Santos,br BRA,MF,Chelsea,22-012,2004,13.0,0,10,1,10.0,0.77,0.08,0.0,0.0,0,0,Matches
441,Ismaila Sarr,sn SEN,MF,Crystal Palace,28-079,1998,22.7,8,46,20,43.5,2.03,0.88,0.13,0.3,2,2,Matches
442,Mamadou Sarr,sn SEN,DF,Chelsea,20-259,2005,1.0,0,1,0,0.0,0.98,0.0,0.0,,0,0,Matches
443,Sávio,br BRA,MF,Manchester City,22-035,2004,7.9,1,17,11,64.7,2.16,1.4,0.06,0.09,0,0,Matches
444,Nicolò Savona,it ITA,DF,Nottingham Forest,23-057,2003,11.4,2,5,3,60.0,0.44,0.26,0.4,0.67,0,0,Matches
445,Oliver Scarles,eng ENG,"DF,MF",West Ham United,20-154,2005,7.3,0,3,0,0.0,0.41,0.0,0.0,,0,0,Matches
446,Dane Scarlett,eng ENG,FW,Tottenham Hotspur,22-052,2004,0.1,0,0,0,,0.0,0.0,,,0,0,Matches
447,Kevin Schade,de GER,"MF,FW",Brentford,24-169,2001,29.2,7,51,22,43.1,1.75,0.75,0.14,0.32,0,1,Matches
448,Fabian Schär,ch SUI,DF,Newcastle United,34-146,1991,12.1,0,17,4,23.5,1.4,0.33,0.0,0.0,0,0,Matches
449,Alex Scott,eng ENG,MF,Bournemouth,22-267,2003,30.7,3,44,13,29.5,1.44,0.42,0.07,0.23,0,0,Matches
450,Jenson Seelt,nl NED,DF,Sunderland,22-357,2003,1.5,0,0,0,,0.0,0.0,,,0,0,Matches
451,Matz Sels,be BEL,GK,Nottingham Forest,34-078,1992,27.6,0,0,0,,0.0,0.0,,,0,0,Matches
452,Antoine Semenyo,gh GHA,"MF,FW",Manchester City,26-128,2000,14.3,6,32,12,37.5,2.24,0.84,0.19,0.5,0,0,Matches
453,Antoine Semenyo,gh GHA,MF,Bournemouth,26-128,2000,20.0,10,49,27,55.1,2.45,1.35,0.18,0.33,1,2,Matches
454,Marcos Senesi,ar ARG,DF,Bournemouth,29-005,1997,34.5,0,17,5,29.4,0.49,0.14,0.0,0.0,0,0,Matches
455,Benjamin Šeško,si SVN,FW,Manchester Utd,22-349,2003,18.3,11,61,34,55.7,3.34,1.86,0.18,0.32,0,0,Matches
456,Ryan Sessegnon,eng ENG,"DF,MF",Fulham,25-362,2000,20.3,3,16,4,25.0,0.79,0.2,0.19,0.75,0,0,Matches
457,Luke Shaw,eng ENG,DF,Manchester Utd,30-307,1995,33.9,0,8,2,25.0,0.24,0.06,0.0,0.0,0,0,Matches
458,Bernardo Silva,pt POR,MF,Manchester City,31-278,1994,30.7,2,28,6,21.4,0.91,0.2,0.07,0.33,0,0,Matches
459,Jota Silva,pt POR,FW,Nottingham Forest,26-287,1999,0.1,0,0,0,,0.0,0.0,,,0,0,Matches
460,Xavi Simons,nl NED,"MF,FW",Tottenham Hotspur,23-024,2003,19.5,2,42,10,23.8,2.15,0.51,0.05,0.2,0,0,Matches
461,Adam Smith,eng ENG,DF,Bournemouth,35-016,1991,10.0,0,0,0,,0.0,0.0,,,0,0,Matches
462,Emile Smith Rowe,eng ENG,MF,Fulham,25-291,2000,19.7,3,34,9,26.5,1.72,0.46,0.09,0.33,0,0,Matches
463,Dominic Solanke,eng ENG,FW,Tottenham Hotspur,28-243,1997,11.1,3,20,11,55.0,1.8,0.99,0.15,0.27,0,0,Matches
464,Julio Soler,ar ARG,DF,Bournemouth,21-088,2005,0.4,0,0,0,,0.0,0.0,,,0,0,Matches
465,Oliver Sonne,pe PER,DF,Burnley,25-186,2000,1.9,1,3,1,33.3,1.6,0.53,0.33,1.0,0,0,Matches
466,Borna Sosa,hr CRO,"DF,MF",Crystal Palace,28-114,1998,1.1,0,1,0,0.0,0.89,0.0,0.0,,0,0,Matches
467,Tomáš Souček,cz CZE,MF,West Ham United,31-077,1995,22.8,5,23,12,52.2,1.01,0.53,0.22,0.42,0,0,Matches
468,Souza,br BRA,MF,Tottenham Hotspur,19-333,2006,1.6,0,1,1,100.0,0.62,0.62,0.0,0.0,0,0,Matches
469,Djed Spence,eng ENG,"DF,MF",Tottenham Hotspur,25-279,2000,21.6,0,12,7,58.3,0.56,0.32,0.0,0.0,0,0,Matches
470,Anton Stach,de GER,MF,Leeds United,27-181,1998,25.5,5,54,14,25.9,2.12,0.55,0.09,0.36,0,0,Matches
471,John Stones,eng ENG,DF,Manchester City,31-352,1994,4.0,0,0,0,,0.0,0.0,,,0,0,Matches
472,Jørgen Strand Larsen,no NOR,FW,Wolves,26-098,2000,15.6,1,21,7,33.3,1.35,0.45,0.0,0.0,1,2,Matches
473,Jørgen Strand Larsen,no NOR,FW,Crystal Palace,26-098,2000,8.5,3,19,6,31.6,2.23,0.7,0.16,0.5,0,0,Matches
474,Pascal Struijk,nl NED,DF,Leeds United,26-277,1999,31.6,0,31,5,16.1,0.98,0.16,0.0,0.0,0,0,Matches
475,Crysencio Summerville,nl NED,"MF,FW",West Ham United,24-197,2001,25.4,5,52,15,28.8,2.04,0.59,0.1,0.33,0,0,Matches
476,Dominik Szoboszlai,hu HUN,"MF,DF",Liverpool,25-202,2000,33.9,6,68,21,30.9,2.01,0.62,0.09,0.29,0,1,Matches
477,Jocelin Ta Bi,ci CIV,MF,Sunderland,21-095,2005,0.4,0,0,0,,0.0,0.0,,,0,0,Matches
478,Chemsdine Talbi,ma MAR,"MF,FW",Sunderland,21-006,2005,17.0,4,25,10,40.0,1.47,0.59,0.16,0.4,0,0,Matches
479,Ao Tanaka,jp JPN,MF,Leeds United,27-247,1998,13.1,2,17,5,29.4,1.3,0.38,0.12,0.4,0,0,Matches
480,James Tarkowski,eng ENG,DF,Everton,33-177,1992,35.0,2,18,9,50.0,0.51,0.26,0.11,0.22,0,0,Matches
481,Marcus Tavernier,eng ENG,MF,Bournemouth,27-054,1999,28.4,6,67,23,34.3,2.36,0.81,0.06,0.17,2,2,Matches
482,Loum Tchaouna,fr FRA,"MF,FW",Burnley,22-249,2003,12.4,2,21,9,42.9,1.69,0.73,0.1,0.22,0,0,Matches
483,Jackson Tchatchoua,cm CMR,"MF,DF",Wolves,24-243,2001,20.5,0,3,1,33.3,0.15,0.05,0.0,0.0,0,0,Matches
484,Mathys Tel,fr FRA,"MF,FW",Tottenham Hotspur,21-018,2005,13.2,4,31,8,25.8,2.35,0.61,0.13,0.5,0,0,Matches
485,Kenny Tete,nl NED,DF,Fulham,30-218,1995,19.9,1,16,3,18.8,0.8,0.15,0.06,0.33,0,0,Matches
486,Igor Thiago,br BRA,FW,Brentford,24-323,2001,34.5,22,81,43,53.1,2.35,1.25,0.17,0.33,8,9,Matches
487,Malick Thiaw,de GER,DF,Newcastle United,24-280,2001,30.9,4,28,14,50.0,0.9,0.45,0.14,0.29,0,0,Matches
488,Youri Tielemans,be BEL,MF,Aston Villa,29-008,1997,19.5,0,22,5,22.7,1.13,0.26,0.0,0.0,0,0,Matches
489,Jurriën Timber,nl NED,DF,Arsenal,24-332,2001,27.3,3,25,7,28.0,0.92,0.26,0.12,0.43,0,0,Matches
490,Jean-Clair Todibo,fr FRA,DF,West Ham United,26-136,1999,19.9,0,2,0,0.0,0.1,0.0,0.0,,0,0,Matches
491,Sandro Tonali,it ITA,MF,Newcastle United,26-007,2000,27.6,0,37,8,21.6,1.34,0.29,0.0,0.0,0,0,Matches
492,Pau Torres,es ESP,DF,Aston Villa,29-119,1997,17.4,0,7,0,0.0,0.4,0.0,0.0,,0,0,Matches
493,Alex Tóth,hu HUN,MF,Bournemouth,20-204,2005,0.9,0,1,0,0.0,1.07,0.0,0.0,,0,0,Matches
494,James Trafford,eng ENG,GK,Manchester City,23-217,2002,3.0,0,0,0,,0.0,0.0,,,0,0,Matches
495,Adama Traoré,es ESP,"FW,MF",West Ham United,30-110,1996,1.3,0,2,0,0.0,1.49,0.0,0.0,,0,0,Matches
496,Adama Traoré,es ESP,MF,Fulham,30-110,1996,3.0,0,5,1,20.0,1.64,0.33,0.0,0.0,0,0,Matches
497,Bertrand Traoré,bf BFA,"MF,FW",Sunderland,30-251,1995,7.0,1,12,6,50.0,1.71,0.85,0.08,0.17,0,0,Matches
498,Mike Trésor,be BEL,"FW,MF",Burnley,26-352,1999,0.5,0,0,0,,0.0,0.0,,,0,0,Matches
499,Kieran Trippier,eng ENG,DF,Newcastle United,35-238,1990,16.7,0,2,0,0.0,0.12,0.0,0.0,,0,0,Matches
500,Leandro Trossard,be BEL,"FW,MF",Arsenal,31-162,1994,21.2,6,51,15,29.4,2.4,0.71,0.12,0.4,0,0,Matches
501,Adrien Truffert,fr FRA,DF,Bournemouth,24-176,2001,35.5,1,16,6,37.5,0.45,0.17,0.06,0.17,0,0,Matches
502,Axel Tuanzebe,cd COD,DF,Burnley,28-182,1997,11.3,1,2,1,50.0,0.18,0.09,0.5,1.0,0,0,Matches
503,Stefanos Tzimas,gr GRE,FW,Brighton,20-129,2006,1.5,1,4,1,25.0,2.59,0.65,0.25,1.0,0,0,Matches
504,Christantus Uche,ng NGA,FW,Crystal Palace,22-361,2003,1.9,0,6,2,33.3,3.12,1.04,0.0,0.0,0,0,Matches
505,Destiny Udogie,it ITA,"DF,MF",Tottenham Hotspur,23-168,2002,13.1,0,3,1,33.3,0.23,0.08,0.0,0.0,0,0,Matches
506,Manuel Ugarte,uy URU,MF,Manchester Utd,25-034,2001,9.9,0,13,1,7.7,1.32,0.1,0.0,0.0,0,0,Matches
507,Lesley Ugochukwu,fr FRA,MF,Burnley,22-050,2004,24.4,3,22,8,36.4,0.9,0.33,0.14,0.38,0,0,Matches
508,Enes Ünal,tr TUR,FW,Bournemouth,29-005,1997,2.4,1,14,2,14.3,5.94,0.85,0.07,0.5,0,0,Matches
509,Hákon Valdimarsson,is ISL,GK,Brentford,24-214,2001,1.0,0,0,0,,0.0,0.0,,,0,0,Matches
510,Virgil van Dijk,nl NED,DF,Liverpool,34-311,1991,36.0,4,27,12,44.4,0.75,0.33,0.15,0.33,0,0,Matches
511,Joël Veltman,nl NED,DF,Brighton,34-120,1992,11.0,1,3,1,33.3,0.27,0.09,0.33,1.0,0,0,Matches
512,Micky van de Ven,nl NED,DF,Tottenham Hotspur,25-026,2001,31.8,4,15,6,40.0,0.47,0.19,0.27,0.67,0,0,Matches
513,Bart Verbruggen,nl NED,GK,Brighton,23-270,2002,36.0,0,0,0,,0.0,0.0,,,0,0,Matches
514,Guglielmo Vicario,it ITA,GK,Tottenham Hotspur,29-220,1996,31.0,0,0,0,,0.0,0.0,,,0,0,Matches
515,Kyle Walker,eng ENG,"DF,MF",Burnley,35-352,1990,32.4,0,4,0,0.0,0.12,0.0,0.0,,0,0,Matches
516,Kyle Walker-Peters,eng ENG,DF,West Ham United,29-032,1997,14.4,1,5,3,60.0,0.35,0.21,0.2,0.33,0,0,Matches
517,Aaron Wan-Bissaka,cd COD,"DF,MF",West Ham United,28-170,1997,22.4,0,0,0,,0.0,0.0,,,0,0,Matches
518,James Ward-Prowse,eng ENG,MF,West Ham United,31-195,1994,4.6,0,2,0,0.0,0.44,0.0,0.0,,0,0,Matches
519,James Ward-Prowse,eng ENG,MF,Burnley,31-195,1994,7.3,0,3,2,66.7,0.41,0.27,0.0,0.0,0,0,Matches
520,Ollie Watkins,eng ENG,FW,Aston Villa,30-136,1995,29.5,12,73,31,42.5,2.47,1.05,0.16,0.39,0,0,Matches
521,Tom Watson,eng ENG,MF,Brighton,20-037,2006,0.7,0,1,1,100.0,1.45,1.45,0.0,0.0,0,0,Matches
522,Max Weiß,de GER,GK,Burnley,21-334,2004,1.0,0,0,0,,0.0,0.0,,,0,0,Matches
523,Danny Welbeck,eng ENG,FW,Brighton,35-170,1990,23.7,13,54,27,50.0,2.28,1.14,0.22,0.44,1,3,Matches
524,Adam Wharton,eng ENG,MF,Crystal Palace,22-098,2004,27.2,0,28,4,14.3,1.03,0.15,0.0,0.0,0,0,Matches
525,Ben White,eng ENG,DF,Arsenal,28-219,1997,7.8,0,5,1,20.0,0.64,0.13,0.0,0.0,0,0,Matches
526,Mats Wieffer,nl NED,DF,Brighton,26-180,1999,20.1,2,18,6,33.3,0.89,0.3,0.11,0.33,0,0,Matches
527,Neco Williams,wls WAL,DF,Nottingham Forest,25-032,2001,33.6,2,43,18,41.9,1.28,0.54,0.05,0.11,0,0,Matches
528,Estêvão Willian,br BRA,MF,Chelsea,19-021,2007,9.4,2,28,8,28.6,2.97,0.85,0.07,0.25,0,0,Matches
529,Joe Willock,eng ENG,MF,Newcastle United,26-268,1999,9.5,0,14,5,35.7,1.47,0.53,0.0,0.0,0,0,Matches
530,Callum Wilson,eng ENG,"FW,MF",West Ham United,34-077,1992,12.4,6,34,13,38.2,2.74,1.05,0.18,0.46,0,0,Matches
531,Harry Wilson,wls WAL,MF,Fulham,29-054,1997,29.4,10,74,24,32.4,2.52,0.82,0.14,0.42,0,0,Matches
532,Ben Winterburn,eng ENG,MF,Bournemouth,21-253,2004,0.1,0,0,0,,0.0,0.0,,,0,0,Matches
533,Florian Wirtz,de GER,MF,Liverpool,23-012,2003,25.9,5,48,17,35.4,1.85,0.66,0.1,0.29,0,0,Matches
534,Yoane Wissa,cd COD,FW,Newcastle United,29-254,1996,5.6,1,13,5,38.5,2.34,0.9,0.08,0.2,0,0,Matches
535,Nick Woltemade,de GER,"FW,MF",Newcastle United,24-090,2002,19.5,7,31,12,38.7,1.59,0.62,0.19,0.5,1,1,Matches
536,Chris Wood,nz NZL,FW,Nottingham Forest,34-159,1991,8.6,3,20,8,40.0,2.33,0.93,0.15,0.38,0,0,Matches
537,Freddie Woodman,eng ENG,GK,Liverpool,29-072,1997,2.4,0,0,0,,0.0,0.0,,,0,0,Matches
538,Joe Worrall,eng ENG,DF,Burnley,29-125,1997,5.6,0,1,0,0.0,0.18,0.0,0.0,,0,0,Matches
539,Granit Xhaka,ch SUI,MF,Sunderland,33-230,1992,30.3,1,21,5,23.8,0.69,0.17,0.05,0.2,0,0,Matches
540,Yehor Yarmoliuk,ua UKR,MF,Brentford,22-075,2004,28.6,1,16,4,25.0,0.56,0.14,0.06,0.25,0,0,Matches
541,Ryan Yates,eng ENG,MF,Nottingham Forest,28-175,1997,6.6,0,8,1,12.5,1.22,0.15,0.0,0.0,0,0,Matches
542,Leny Yoro,fr FRA,DF,Manchester Utd,20-183,2005,19.1,0,9,3,33.3,0.47,0.16,0.0,0.0,0,0,Matches
543,Oleksandr Zinchenko,ua UKR,DF,Nottingham Forest,29-151,1996,3.9,0,4,2,50.0,1.02,0.51,0.0,0.0,0,0,Matches
544,Joshua Zirkzee,nl NED,"FW,MF",Manchester Utd,24-358,2001,6.6,2,22,7,31.8,3.31,1.05,0.09,0.29,0,0,Matches
545,Martín Zubimendi,es ESP,MF,Arsenal,27-102,1999,32.2,5,27,9,33.3,0.84,0.28,0.19,0.56,0,0,Matches
546,Martin Ødegaard,no NOR,MF,Arsenal,27-149,1998,14.2,1,21,8,38.1,1.48,0.56,0.05,0.13,0,0,Matches
