Rk,Player,Nation,Pos,Squad,Age,Born,Playing Time_MP,Playing Time_Starts,Playing Time_Min,Playing Time_90s,Performance_Gls,Performance_Ast,Performance_G+A,Performance_G-PK,Performance_PK,Performance_PKatt,Performance_CrdY,Performance_CrdR,Per 90 Minutes_Gls,Per 90 Minutes_Ast,Per 90 Minutes_G+A,Per 90 Minutes_G-PK,Per 90 Minutes_G+A-PK,Matches
1,Brenden Aaronson,us USA,"MF,FW",Leeds United,25-205,2000,35,28,2301,25.6,4,5,9,4,0,0,2,0,0.16,0.2,0.35,0.16,0.35,Matches
2,Zach Abbott,eng ENG,DF,Nottingham Forest,20-002,2006,3,2,164,1.8,0,0,0,0,0,0,0,0,0.0,0.0,0.0,0.0,0.0,Matches
3,Tammy Abraham,eng ENG,FW,Aston Villa,28-225,1997,12,2,286,3.2,2,0,2,2,0,0,0,0,0.63,0.0,0.63,0.63,0.63,Matches
4,Joshua Acheampong,eng ENG,DF,Chelsea,20-010,2006,15,7,587,6.5,1,0,1,1,0,0,1,0,0.15,0.0,0.15,0.15,0.15,Matches
5,Tyler Adams,us USA,MF,Bournemouth,27-090,1999,23,19,1593,17.7,2,2,4,2,0,0,7,0,0.11,0.11,0.23,0.11,0.23,Matches
6,Tosin Adarabioyo,eng ENG,DF,Chelsea,28-233,1997,16,8,795,8.8,0,0,0,0,0,0,2,0,0.0,0.0,0.0,0.0,0.0,Matches
7,Simon Adingra,ci CIV,"MF,FW",Sunderland,24-134,2002,14,9,653,7.3,1,0,1,1,0,0,2,0,0.14,0.0,0.14,0.14,0.14,Matches
8,Amine Adli,ma MAR,MF,Bournemouth,26-005,2000,30,10,1075,11.9,3,1,4,3,0,0,2,0,0.25,0.08,0.33,0.25,0.33,Matches
9,Emmanuel Agbadou,ci CIV,DF,Wolves,28-332,1997,14,12,1101,12.2,0,0,0,0,0,0,1,1,0.0,0.0,0.0,0.0,0.0,Matches
10,Nayef Aguerd,ma MAR,DF,West Ham United,30-046,1996,2,2,180,2.0,0,0,0,0,0,0,0,0,0.0,0.0,0.0,0.0,0.0,Matches
11,Ola Aina,ng NGA,DF,Nottingham Forest,29-219,1996,18,18,1588,17.6,0,0,0,0,0,0,3,0,0.0,0.0,0.0,0.0,0.0,Matches
12,Rayan Aït-Nouri,dz ALG,DF,Manchester City,24-343,2001,16,12,960,10.7,0,2,2,0,0,0,2,0,0.0,0.19,0.19,0.0,0.19,Matches
13,Kristoffer Ajer,no NOR,DF,Brentford,28-028,1998,26,19,1729,19.2,0,1,1,0,0,0,4,0,0.0,0.05,0.05,0.0,0.05,Matches
14,Nathan Aké,nl NED,DF,Manchester City,31-086,1995,17,5,619,6.9,0,0,0,0,0,0,1,0,0.0,0.0,0.0,0.0,0.0,Matches
15,Carlos Alcaraz,ar ARG,MF,Everton,23-166,2002,19,6,682,7.6,0,1,1,0,0,0,4,0,0.0,0.13,0.13,0.0,0.13,Matches
16,Omar Alderete,py PAR,DF,Sunderland,29-140,1996,32,31,2776,30.8,1,1,2,1,0,0,6,0,0.03,0.03,0.06,0.03,0.06,Matches
17,Alisson,br BRA,GK,Liverpool,33-225,1992,25,25,2250,25.0,0,0,0,0,0,0,1,0,0.0,0.0,0.0,0.0,0.0,Matches
18,Max Alleyne,eng ENG,DF,Manchester City,20-298,2005,2,2,135,1.5,0,0,0,0,0,0,0,0,0.0,0.0,0.0,0.0,0.0,Matches
19,Jaydon Amauri Banel,nl NED,"FW,MF",Burnley,21-208,2004,1,0,10,0.1,0,0,0,0,0,0,0,0,0.0,0.0,0.0,0.0,0.0,Matches
20,Zeki Amdouni,ch SUI,"FW,MF",Burnley,25-162,2000,2,0,27,0.3,0,0,0,0,0,0,0,0,0.0,0.0,0.0,0.0,0.0,Matches
21,Ethan Ampadu,wls WAL,MF,Leeds United,25-243,2000,33,33,2939,32.7,1,1,2,1,0,0,9,0,0.03,0.03,0.06,0.03,0.06,Matches
22,Joachim Andersen,dk DEN,DF,Fulham,29-349,1996,33,33,2875,31.9,0,1,1,0,0,0,7,1,0.0,0.03,0.03,0.0,0.03,Matches
23,Elliot Anderson,eng ENG,MF,Nottingham Forest,23-190,2002,36,35,3177,35.3,4,2,6,3,1,1,7,0,0.11,0.06,0.17,0.08,0.14,Matches
24,André,br BRA,MF,Wolves,24-303,2001,33,28,2582,28.7,1,0,1,1,0,0,11,0,0.03,0.0,0.03,0.03,0.03,Matches
25,Nilson Angulo,ec ECU,MF,Sunderland,22-330,2003,6,3,268,3.0,0,0,0,0,0,0,0,0,0.0,0.0,0.0,0.0,0.0,Matches
26,Jaidon Anthony,eng ENG,MF,Burnley,26-165,1999,35,30,2548,28.3,8,2,10,8,0,0,4,0,0.28,0.07,0.35,0.28,0.35,Matches
27,Alphonse Areola,fr FRA,GK,West Ham United,33-077,1993,20,20,1800,20.0,0,1,1,0,0,0,0,0,0.0,0.05,0.05,0.0,0.05,Matches
28,Jhon Arias,co COL,"FW,MF",Wolves,28-236,1997,23,14,1124,12.5,1,0,1,1,0,0,1,0,0.08,0.0,0.08,0.08,0.08,Matches
29,Adam Armstrong,eng ENG,"FW,MF",Wolves,29-094,1997,12,12,996,11.1,1,2,3,1,0,0,3,0,0.09,0.18,0.27,0.09,0.27,Matches
30,Harrison Armstrong,eng ENG,MF,Everton,19-116,2007,12,6,500,5.6,0,0,0,0,0,0,0,0,0.0,0.0,0.0,0.0,0.0,Matches
31,Tolu Arokodare,ng NGA,FW,Wolves,25-173,2000,31,13,1375,15.3,3,1,4,3,0,1,1,0,0.2,0.07,0.26,0.2,0.26,Matches
32,Taiwo Awoniyi,ng NGA,FW,Nottingham Forest,28-276,1997,15,3,444,4.9,4,1,5,4,0,0,1,0,0.81,0.2,1.01,0.81,1.01,Matches
33,Yasin Ayari,se SWE,MF,Brighton,22-221,2003,28,20,1920,21.3,3,3,6,3,0,0,1,0,0.14,0.14,0.28,0.14,0.28,Matches
34,Benoît Badiashile,fr FRA,DF,Chelsea,25-050,2001,8,6,471,5.2,0,0,0,0,0,0,2,0,0.0,0.0,0.0,0.0,0.0,Matches
35,Leon Bailey,jm JAM,MF,Aston Villa,28-279,1997,12,2,369,4.1,0,1,1,0,0,0,1,0,0.0,0.24,0.24,0.0,0.24,Matches
36,Dilane Bakwa,fr FRA,MF,Nottingham Forest,23-262,2002,13,6,532,5.9,0,2,2,0,0,0,1,0,0.0,0.34,0.34,0.0,0.34,Matches
37,Carlos Baleba,cm CMR,MF,Brighton,22-132,2004,29,22,1539,17.1,0,0,0,0,0,0,5,0,0.0,0.0,0.0,0.0,0.0,Matches
38,Daniel Ballard,nir NIR,DF,Sunderland,26-235,1999,29,24,2149,23.9,2,0,2,2,0,0,4,1,0.08,0.0,0.08,0.08,0.08,Matches
39,Ross Barkley,eng ENG,MF,Aston Villa,32-161,1993,19,6,727,8.1,3,0,3,3,0,0,1,0,0.37,0.0,0.37,0.37,0.37,Matches
40,Ashley Barnes,eng ENG,"FW,MF",Burnley,36-197,1989,6,0,40,0.4,0,0,0,0,0,0,1,0,0.0,0.0,0.0,0.0,0.0,Matches
41,Harvey Barnes,eng ENG,"FW,MF",Newcastle United,28-157,1997,35,18,1847,20.5,7,0,7,7,0,0,1,0,0.34,0.0,0.34,0.34,0.34,Matches
42,Thierno Barry,fr FRA,FW,Everton,23-206,2002,36,20,1813,20.1,8,0,8,8,0,0,3,0,0.4,0.0,0.4,0.4,0.4,Matches
43,Calvin Bassey,ng NGA,DF,Fulham,26-135,1999,28,26,2354,26.2,1,0,1,1,0,0,5,0,0.04,0.0,0.04,0.04,0.04,Matches
44,Altay Bayındır,tr TUR,GK,Manchester Utd,28-031,1998,6,6,540,6.0,0,0,0,0,0,0,0,0,0.0,0.0,0.0,0.0,0.0,Matches
45,Jean-Ricner Bellegarde,ht HAI,"MF,FW",Wolves,27-322,1998,25,15,1236,13.7,1,1,2,1,0,0,5,0,0.07,0.07,0.15,0.07,0.15,Matches
46,Walter Benítez,ar ARG,GK,Crystal Palace,33-116,1993,1,1,90,1.0,0,0,0,0,0,0,0,0,0.0,0.0,0.0,0.0,0.0,Matches
47,Rodrigo Bentancur,uy URU,MF,Tottenham Hotspur,28-324,1997,24,21,1712,19.0,1,1,2,1,0,0,7,0,0.05,0.05,0.11,0.05,0.11,Matches
48,Daniel Bentley,eng ENG,GK,Wolves,32-306,1993,3,3,270,3.0,0,0,0,0,0,0,0,0,0.0,0.0,0.0,0.0,0.0,Matches
49,Sander Berge,no NOR,MF,Fulham,28-090,1998,33,32,2770,30.8,0,1,1,0,0,0,5,0,0.0,0.03,0.03,0.0,0.03,Matches
50,Lucas Bergvall,se SWE,MF,Tottenham Hotspur,20-102,2006,23,11,965,10.7,1,3,4,1,0,0,2,0,0.09,0.28,0.37,0.09,0.37,Matches
51,Beto,gw GNB,FW,Everton,28-104,1998,35,16,1489,16.5,9,1,10,9,0,0,3,0,0.54,0.06,0.6,0.54,0.6,Matches
52,Jaka Bijol,si SVN,DF,Leeds United,27-099,1999,23,19,1731,19.2,1,2,3,1,0,0,3,0,0.05,0.1,0.16,0.05,0.16,Matches
53,Yves Bissouma,ml MLI,MF,Tottenham Hotspur,29-258,1996,11,7,603,6.7,0,0,0,0,0,0,4,0,0.0,0.0,0.0,0.0,0.0,Matches
54,Marco Bizot,nl NED,GK,Aston Villa,35-066,1991,6,5,495,5.5,0,0,0,0,0,0,2,0,0.0,0.0,0.0,0.0,0.0,Matches
55,Oscar Bobb,no NOR,"MF,FW",Manchester City,22-307,2003,9,5,468,5.2,0,1,1,0,0,0,1,0,0.0,0.19,0.19,0.0,0.19,Matches
56,Oscar Bobb,no NOR,MF,Fulham,22-307,2003,12,4,422,4.7,0,0,0,0,0,0,0,0,0.0,0.0,0.0,0.0,0.0,Matches
57,Lamare Bogarde,nl NED,"MF,DF",Aston Villa,22-130,2004,27,10,981,10.9,0,0,0,0,0,0,5,0,0.0,0.0,0.0,0.0,0.0,Matches
58,Jayden Bogle,eng ENG,"MF,DF",Leeds United,25-292,2000,33,31,2716,30.2,1,2,3,1,0,0,6,0,0.03,0.07,0.1,0.03,0.1,Matches
59,Sebastiaan Bornauw,be BEL,DF,Leeds United,27-054,1999,10,4,339,3.8,0,0,0,0,0,0,1,0,0.0,0.0,0.0,0.0,0.0,Matches
60,Olivier Boscagli,fr FRA,DF,Brighton,28-178,1997,12,9,802,8.9,0,1,1,0,0,0,2,0,0.0,0.11,0.11,0.0,0.11,Matches
61,Sven Botman,nl NED,DF,Newcastle United,26-123,2000,23,19,1655,18.4,1,1,2,1,0,0,2,0,0.05,0.05,0.11,0.05,0.11,Matches
62,Jarrod Bowen,eng ENG,"MF,FW",West Ham United,29-146,1996,36,36,3223,35.8,8,10,18,7,1,1,4,0,0.22,0.28,0.5,0.2,0.47,Matches
63,Conor Bradley,nir NIR,DF,Liverpool,22-310,2003,15,12,929,10.3,0,1,1,0,0,0,5,0,0.0,0.1,0.1,0.0,0.1,Matches
64,Jarrad Branthwaite,eng ENG,DF,Everton,23-322,2002,10,7,680,7.6,1,0,1,1,0,0,1,0,0.13,0.0,0.13,0.13,0.13,Matches
65,Brian Brobbey,nl NED,FW,Sunderland,24-103,2002,29,20,1791,19.9,6,1,7,6,0,0,6,0,0.3,0.05,0.35,0.3,0.35,Matches
66,Armando Broja,al ALB,FW,Burnley,24-247,2001,24,8,860,9.6,1,1,2,1,0,0,0,0,0.1,0.1,0.21,0.1,0.21,Matches
67,David Brooks,wls WAL,MF,Bournemouth,28-311,1997,30,13,1197,13.3,1,3,4,1,0,0,7,0,0.08,0.23,0.3,0.08,0.3,Matches
68,Jacob Bruun Larsen,dk DEN,"MF,FW",Burnley,27-238,1998,26,10,1015,11.3,0,1,1,0,0,0,0,0,0.0,0.09,0.09,0.0,0.09,Matches
69,Emi Buendía,ar ARG,MF,Aston Villa,29-141,1996,34,19,1581,17.6,6,2,8,6,0,0,6,0,0.34,0.11,0.46,0.34,0.46,Matches
70,Hugo Bueno,es ESP,"MF,DF",Wolves,23-239,2002,33,26,2343,26.0,1,2,3,1,0,0,3,0,0.04,0.08,0.12,0.04,0.12,Matches
71,Santiago Bueno,uy URU,DF,Wolves,27-187,1998,27,26,2373,26.4,3,1,4,3,0,0,4,0,0.11,0.04,0.15,0.11,0.15,Matches
72,Facundo Buonanotte,ar ARG,MF,Chelsea,21-143,2004,1,1,45,0.5,0,0,0,0,0,0,0,0,0.0,0.0,0.0,0.0,0.0,Matches
73,Facundo Buonanotte,ar ARG,MF,Leeds United,21-143,2004,2,0,26,0.3,0,0,0,0,0,0,1,0,0.0,0.0,0.0,0.0,0.0,Matches
74,Dan Burn,eng ENG,DF,Newcastle United,34-006,1992,27,24,2100,23.3,1,2,3,1,0,0,11,1,0.04,0.09,0.13,0.04,0.13,Matches
75,Bradley Burrowes,eng ENG,MF,Aston Villa,18-072,2008,1,0,17,0.2,0,0,0,0,0,0,0,0,0.0,0.0,0.0,0.0,0.0,Matches
76,Jun'ai Byfield,eng ENG,DF,Tottenham Hotspur,17-160,2008,1,0,1,0.0,0,0,0,0,0,0,0,0,0.0,0.0,0.0,0.0,0.0,Matches
77,Sam Byram,eng ENG,"DF,MF",Leeds United,32-241,1993,1,0,8,0.1,0,0,0,0,0,0,0,0,0.0,0.0,0.0,0.0,0.0,Matches
78,Moisés Caicedo,ec ECU,MF,Chelsea,24-194,2001,31,30,2621,29.1,3,1,4,3,0,0,11,1,0.1,0.03,0.14,0.1,0.14,Matches
79,Tom Cairney,sct SCO,MF,Fulham,35-115,1991,23,6,744,8.3,1,0,1,1,0,0,3,0,0.12,0.0,0.12,0.12,0.12,Matches
80,Riccardo Calafiori,it ITA,DF,Arsenal,23-361,2002,24,20,1583,17.6,1,2,3,1,0,0,5,0,0.06,0.11,0.17,0.06,0.17,Matches
81,Dominic Calvert-Lewin,eng ENG,FW,Leeds United,29-060,1997,33,28,2563,28.5,13,1,14,9,4,5,2,0,0.46,0.04,0.49,0.32,0.35,Matches
82,Jaydee Canvot,fr FRA,DF,Crystal Palace,19-290,2006,19,13,1246,13.8,0,0,0,0,0,0,3,0,0.0,0.0,0.0,0.0,0.0,Matches
83,Fabio Carvalho,pt POR,MF,Brentford,23-258,2002,6,1,102,1.1,1,0,1,1,0,0,0,0,0.88,0.0,0.88,0.88,0.88,Matches
84,Casemiro,br BRA,MF,Manchester Utd,34-081,1992,33,32,2491,27.7,9,2,11,9,0,0,10,1,0.33,0.07,0.4,0.33,0.4,Matches
85,Matty Cash,pl POL,DF,Aston Villa,28-281,1997,33,33,2879,32.0,3,3,6,3,0,0,8,0,0.09,0.09,0.19,0.09,0.19,Matches
86,Timothy Castagne,be BEL,"DF,MF",Fulham,30-161,1995,28,18,1665,18.5,0,0,0,0,0,0,4,0,0.0,0.0,0.0,0.0,0.0,Matches
87,Valentín Castellanos,ar ARG,FW,West Ham United,27-224,1998,16,16,1232,13.7,4,0,4,4,0,0,6,0,0.29,0.0,0.29,0.29,0.29,Matches
88,Trevoh Chalobah,eng ENG,DF,Chelsea,26-314,1999,32,31,2740,30.4,3,0,3,3,0,0,3,1,0.1,0.0,0.1,0.1,0.1,Matches
89,Rayan Cherki,fr FRA,MF,Manchester City,22-271,2003,31,19,1718,19.1,4,12,16,4,0,0,1,0,0.21,0.63,0.84,0.21,0.84,Matches
90,Federico Chiesa,it ITA,MF,Liverpool,28-202,1997,25,1,314,3.5,2,1,3,2,0,0,3,0,0.57,0.29,0.86,0.57,0.86,Matches
91,Tawanda Chirewa,zw ZIM,MF,Wolves,22-215,2003,2,0,27,0.3,0,0,0,0,0,0,0,0,0.0,0.0,0.0,0.0,0.0,Matches
92,Ryan Christie,sct SCO,MF,Bournemouth,31-082,1995,26,9,993,11.0,2,0,2,2,0,0,3,1,0.18,0.0,0.18,0.18,0.18,Matches
93,Samuel Chukwueze,ng NGA,MF,Fulham,26-358,1999,22,10,1067,11.9,3,4,7,3,0,0,0,0,0.25,0.34,0.59,0.25,0.59,Matches
94,Dennis Cirkin,lv LVA,DF,Sunderland,24-039,2002,8,3,323,3.6,0,0,0,0,0,0,2,0,0.0,0.0,0.0,0.0,0.0,Matches
95,Nathaniel Clyne,eng ENG,MF,Crystal Palace,35-040,1991,9,6,504,5.6,0,1,1,0,0,0,1,0,0.0,0.18,0.18,0.0,0.18,Matches
96,Séamus Coleman,ie IRL,DF,Everton,37-216,1988,3,1,11,0.1,0,0,0,0,0,0,0,0,0.0,0.0,0.0,0.0,0.0,Matches
97,Nathan Collins,ie IRL,DF,Brentford,25-015,2001,33,30,2795,31.1,1,2,3,1,0,0,6,0,0.03,0.06,0.1,0.03,0.1,Matches
98,Levi Colwill,eng ENG,DF,Chelsea,23-078,2003,2,1,135,1.5,0,0,0,0,0,0,0,0,0.0,0.0,0.0,0.0,0.0,Matches
99,Lewis Cook,eng ENG,"MF,DF",Bournemouth,29-101,1997,16,8,872,9.7,0,1,1,0,0,0,1,1,0.0,0.1,0.1,0.0,0.1,Matches
100,Diego Coppola,it ITA,DF,Brighton,22-138,2003,5,2,194,2.2,0,0,0,0,0,0,2,0,0.0,0.0,0.0,0.0,0.0,Matches
101,Marc Cucurella,es ESP,DF,Chelsea,27-297,1998,32,29,2527,28.1,1,4,5,1,0,0,7,1,0.04,0.14,0.18,0.04,0.18,Matches
102,Jorge Cuenca,es ESP,DF,Fulham,26-179,1999,14,11,933,10.4,0,0,0,0,0,0,5,0,0.0,0.0,0.0,0.0,0.0,Matches
103,Josh Cullen,ie IRL,MF,Burnley,30-038,1996,18,18,1514,16.8,2,2,4,2,0,0,2,0,0.12,0.12,0.24,0.12,0.24,Matches
104,Jair Cunha,br BRA,DF,Nottingham Forest,21-069,2005,7,5,448,5.0,0,0,0,0,0,0,0,0,0.0,0.0,0.0,0.0,0.0,Matches
105,Matheus Cunha,br BRA,"MF,FW",Manchester Utd,26-353,1999,32,28,2415,26.8,9,2,11,9,0,0,4,0,0.34,0.07,0.41,0.34,0.41,Matches
106,Diogo Dalot,pt POR,"DF,MF",Manchester Utd,27-058,1999,33,28,2524,28.0,1,3,4,1,0,0,5,0,0.04,0.11,0.14,0.04,0.14,Matches
107,Mikkel Damsgaard,dk DEN,MF,Brentford,25-316,2000,31,23,1956,21.7,4,4,8,4,0,0,0,0,0.18,0.18,0.37,0.18,0.37,Matches
108,Kevin Danso,at AUT,DF,Tottenham Hotspur,27-238,1998,22,15,1314,14.6,0,0,0,0,0,0,8,0,0.0,0.0,0.0,0.0,0.0,Matches
109,Karl Darlow,wls WAL,GK,Leeds United,35-219,1990,20,20,1800,20.0,0,0,0,0,0,0,1,0,0.0,0.0,0.0,0.0,0.0,Matches
110,Josh Dasilva,eng ENG,MF,Brentford,27-204,1998,1,0,1,0.0,0,0,0,0,0,0,0,0,0.0,0.0,0.0,0.0,0.0,Matches
111,Ben Davies,wls WAL,DF,Tottenham Hotspur,33-021,1993,3,2,137,1.5,1,0,1,1,0,0,1,0,0.66,0.0,0.66,0.66,0.66,Matches
112,Maxim De Cuyper,be BEL,"DF,MF",Brighton,25-144,2000,28,15,1280,14.2,2,3,5,2,0,0,2,0,0.14,0.21,0.35,0.14,0.35,Matches
113,Liam Delap,eng ENG,FW,Chelsea,23-096,2003,26,11,1013,11.3,1,0,1,1,0,0,3,0,0.09,0.0,0.09,0.09,0.09,Matches
114,Sepp van den Berg,nl NED,DF,Brentford,24-146,2001,30,29,2664,29.6,0,1,1,0,0,0,2,0,0.0,0.03,0.03,0.0,0.03,Matches
115,Jesse Derry,eng ENG,MF,Chelsea,18-319,2007,1,1,44,0.5,0,0,0,0,0,0,0,0,0.0,0.0,0.0,0.0,0.0,Matches
116,Justin Devenny,nir NIR,"MF,FW",Crystal Palace,22-216,2003,20,6,706,7.8,1,0,1,0,1,1,0,0,0.13,0.0,0.13,0.0,0.0,Matches
117,Kiernan Dewsbury-Hall,eng ENG,MF,Everton,27-251,1998,29,28,2453,27.3,8,4,12,8,0,0,6,0,0.29,0.15,0.44,0.29,0.44,Matches
118,Bafodé Diakité,fr FRA,DF,Bournemouth,25-129,2001,18,15,1277,14.2,0,0,0,0,0,0,1,0,0.0,0.0,0.0,0.0,0.0,Matches
119,Amad Diallo,ci CIV,MF,Manchester Utd,23-308,2002,30,25,2161,24.0,2,2,4,2,0,0,2,0,0.08,0.08,0.17,0.08,0.17,Matches
120,Habib Diarra,sn SEN,MF,Sunderland,22-132,2004,18,15,1361,15.1,2,1,3,1,1,1,5,0,0.13,0.07,0.2,0.07,0.13,Matches
121,Rúben Dias,pt POR,DF,Manchester City,29-001,1997,25,23,2051,22.8,2,0,2,2,0,0,3,0,0.09,0.0,0.09,0.09,0.09,Matches
122,Tyler Dibling,eng ENG,MF,Everton,20-064,2006,14,4,358,4.0,0,0,0,0,0,0,2,0,0.0,0.0,0.0,0.0,0.0,Matches
123,Lucas Digne,fr FRA,DF,Aston Villa,32-299,1993,30,20,1762,19.6,0,5,5,0,0,0,3,0,0.0,0.26,0.26,0.0,0.26,Matches
124,Issa Diop,ma MAR,DF,Fulham,29-126,1997,11,6,641,7.1,0,0,0,0,0,0,2,0,0.0,0.0,0.0,0.0,0.0,Matches
125,El Hadji Malick Diouf,sn SEN,"DF,MF",West Ham United,21-138,2004,30,28,2527,28.1,0,5,5,0,0,0,5,0,0.0,0.18,0.18,0.0,0.18,Matches
126,Axel Disasi,fr FRA,DF,West Ham United,28-065,1998,12,12,1074,11.9,0,0,0,0,0,0,1,0,0.0,0.0,0.0,0.0,0.0,Matches
127,Matt Doherty,ie IRL,"DF,MF",Wolves,34-119,1992,11,11,787,8.7,0,0,0,0,0,0,4,0,0.0,0.0,0.0,0.0,0.0,Matches
128,Jeremy Doku,be BEL,"MF,FW",Manchester City,23-353,2002,28,18,1695,18.8,5,5,10,5,0,0,0,0,0.27,0.27,0.53,0.27,0.53,Matches
129,Nicolás Domínguez,ar ARG,MF,Nottingham Forest,27-321,1998,25,16,1080,12.0,1,1,2,1,0,0,3,0,0.08,0.08,0.17,0.08,0.17,Matches
130,Gianluigi Donnarumma,it ITA,GK,Manchester City,27-079,1999,33,33,2970,33.0,0,0,0,0,0,0,7,0,0.0,0.0,0.0,0.0,0.0,Matches
131,Romelle Donovan,eng ENG,FW,Brentford,19-166,2006,4,0,41,0.5,0,0,0,0,0,0,0,0,0.0,0.0,0.0,0.0,0.0,Matches
132,Patrick Dorgu,dk DEN,MF,Manchester Utd,21-201,2004,24,14,1377,15.3,3,3,6,3,0,0,5,0,0.2,0.2,0.39,0.2,0.39,Matches
133,Max Dowman,eng ENG,MF,Arsenal,16-135,2009,5,0,96,1.1,1,0,1,1,0,0,0,0,0.94,0.0,0.94,0.94,0.94,Matches
134,Radu Drăgușin,ro ROU,DF,Tottenham Hotspur,24-101,2002,9,5,516,5.7,0,0,0,0,0,0,0,0,0.0,0.0,0.0,0.0,0.0,Matches
135,Joél Drakes-Thomas,eng ENG,MF,Crystal Palace,16-340,2009,2,0,9,0.1,0,0,0,0,0,0,0,0,0.0,0.0,0.0,0.0,0.0,Matches
136,Martin Dúbravka,sk SVK,GK,Burnley,37-120,1989,35,35,3150,35.0,0,0,0,0,0,0,1,0,0.0,0.0,0.0,0.0,0.0,Matches
137,Lewis Dunk,eng ENG,DF,Brighton,34-175,1991,31,29,2658,29.5,1,0,1,1,0,0,10,0,0.03,0.0,0.03,0.03,0.03,Matches
138,George Earthy,eng ENG,MF,West Ham United,21-252,2004,1,0,9,0.1,0,0,0,0,0,0,0,0,0.0,0.0,0.0,0.0,0.0,Matches
139,Odsonne Édouard,fr FRA,FW,Crystal Palace,28-119,1998,1,0,3,0.0,0,0,0,0,0,0,0,0,0.0,0.0,0.0,0.0,0.0,Matches
140,Tom Edozie,eng ENG,MF,Wolves,19-362,2006,3,0,14,0.2,1,0,1,1,0,0,0,0,6.43,0.0,6.43,6.43,6.43,Matches
141,Alysson Edward,br BRA,MF,Aston Villa,20-010,2006,3,0,49,0.5,0,0,0,0,0,0,0,0,0.0,0.0,0.0,0.0,0.0,Matches
142,Marcus Edwards,eng ENG,"MF,FW",Burnley,27-163,1998,22,11,1051,11.7,1,3,4,1,0,0,0,0,0.09,0.26,0.34,0.09,0.34,Matches
143,Hjalmar Ekdal,se SWE,DF,Burnley,27-206,1998,19,17,1539,17.1,0,0,0,0,0,0,0,0,0.0,0.0,0.0,0.0,0.0,Matches
144,Hugo Ekitike,fr FRA,FW,Liverpool,23-329,2002,28,21,1803,20.0,11,4,15,11,0,0,0,0,0.55,0.2,0.75,0.55,0.75,Matches
145,Anthony Elanga,se SWE,"FW,MF",Newcastle United,24-018,2002,30,14,1288,14.3,0,1,1,0,0,0,0,0,0.0,0.07,0.07,0.0,0.07,Matches
146,Melker Ellborg,se SWE,GK,Sunderland,22-358,2003,3,3,270,3.0,0,0,0,0,0,0,0,0,0.0,0.0,0.0,0.0,0.0,Matches
147,Harvey Elliott,eng ENG,MF,Aston Villa,23-041,2003,4,1,112,1.2,0,0,0,0,0,0,0,0,0.0,0.0,0.0,0.0,0.0,Matches
148,Harvey Elliott,eng ENG,"FW,MF",Liverpool,23-041,2003,1,0,1,0.0,0,0,0,0,0,0,0,0,0.0,0.0,0.0,0.0,0.0,Matches
149,Wataru Endo,jp JPN,DF,Liverpool,33-095,1993,8,1,175,1.9,0,1,1,0,0,0,1,0,0.0,0.51,0.51,0.0,0.51,Matches
150,Romain Esse,eng ENG,MF,Crystal Palace,21-002,2005,4,0,44,0.5,0,0,0,0,0,0,0,0,0.0,0.0,0.0,0.0,0.0,Matches
151,Dario Essugo,pt POR,MF,Chelsea,21-062,2005,2,0,28,0.3,0,0,0,0,0,0,1,0,0.0,0.0,0.0,0.0,0.0,Matches
152,Maxime Estève,fr FRA,DF,Burnley,23-354,2002,33,33,2851,31.7,0,0,0,0,0,0,1,0,0.0,0.0,0.0,0.0,0.0,Matches
153,Evanilson,br BRA,FW,Bournemouth,26-221,1999,34,30,2582,28.7,6,1,7,6,0,0,2,0,0.21,0.03,0.24,0.21,0.24,Matches
154,Eberechi Eze,eng ENG,"MF,FW",Arsenal,27-320,1998,30,20,1724,19.2,7,2,9,7,0,0,1,0,0.37,0.1,0.47,0.37,0.47,Matches
155,Eberechi Eze,eng ENG,MF,Crystal Palace,27-320,1998,1,1,83,0.9,0,0,0,0,0,0,0,0,0.0,0.0,0.0,0.0,0.0,Matches
156,Bruno Fernandes,pt POR,MF,Manchester Utd,31-249,1994,33,33,2883,32.0,8,19,27,4,4,6,5,0,0.25,0.59,0.84,0.12,0.72,Matches
157,Mateus Fernandes,pt POR,MF,West Ham United,21-309,2004,34,33,2836,31.5,3,3,6,3,0,0,7,0,0.1,0.1,0.19,0.1,0.19,Matches
158,Enzo Fernández,ar ARG,MF,Chelsea,25-118,2001,34,33,2935,32.6,9,3,12,7,2,2,9,0,0.28,0.09,0.37,0.21,0.31,Matches
159,Zian Flemming,nl NED,FW,Burnley,27-287,1998,27,19,1595,17.7,10,0,10,8,2,2,4,0,0.56,0.0,0.56,0.45,0.45,Matches
160,Jack Fletcher,eng ENG,MF,Manchester Utd,19-057,2007,3,0,108,1.2,0,0,0,0,0,0,0,0,0.0,0.0,0.0,0.0,0.0,Matches
161,Tyler Fletcher,sct SCO,MF,Manchester Utd,19-057,2007,1,0,1,0.0,0,0,0,0,0,0,0,0,0.0,0.0,0.0,0.0,0.0,Matches
162,Phil Foden,eng ENG,MF,Manchester City,25-352,2000,31,22,1961,21.8,7,5,12,7,0,0,4,0,0.32,0.23,0.55,0.32,0.55,Matches
163,Wesley Fofana,fr FRA,DF,Chelsea,25-149,2000,23,18,1581,17.6,0,1,1,0,0,0,7,1,0.0,0.06,0.06,0.0,0.06,Matches
164,Lyle Foster,za RSA,"FW,MF",Burnley,25-254,2000,26,15,1371,15.2,3,2,5,3,0,0,4,0,0.2,0.13,0.33,0.2,0.33,Matches
165,Tyler Fredricson,eng ENG,DF,Manchester Utd,21-081,2005,1,0,3,0.0,0,0,0,0,0,0,0,0,0.0,0.0,0.0,0.0,0.0,Matches
166,Jeremie Frimpong,nl NED,"DF,MF",Liverpool,25-156,2000,20,12,1023,11.4,0,1,1,0,0,0,1,0,0.0,0.09,0.09,0.0,0.09,Matches
167,Niclas Füllkrug,de GER,FW,West Ham United,33-095,1993,8,5,409,4.5,0,0,0,0,0,0,0,0,0.0,0.0,0.0,0.0,0.0,Matches
168,Kaye Furo,be BEL,FW,Brentford,19-098,2007,1,0,1,0.0,0,0,0,0,0,0,0,0,0.0,0.0,0.0,0.0,0.0,Matches
169,Cody Gakpo,nl NED,"MF,FW",Liverpool,27-008,1999,34,30,2574,28.6,7,5,12,7,0,0,3,0,0.24,0.17,0.42,0.24,0.42,Matches
170,Conor Gallagher,eng ENG,MF,Tottenham Hotspur,26-098,2000,14,12,1013,11.3,1,1,2,1,0,0,2,0,0.09,0.09,0.18,0.09,0.18,Matches
171,Idrissa Gana Gueye,sn SEN,MF,Everton,36-231,1989,25,25,2093,23.3,2,3,5,2,0,0,1,1,0.09,0.13,0.22,0.09,0.22,Matches
172,Ben Gannon-Doak,sct SCO,MF,Bournemouth,20-185,2005,7,0,79,0.9,0,1,1,0,0,0,0,0,0.0,1.14,1.14,0.0,1.14,Matches
173,Andrés García,es ESP,DF,Aston Villa,23-097,2003,5,0,41,0.5,0,0,0,0,0,0,0,0,0.0,0.0,0.0,0.0,0.0,Matches
174,Alejandro Garnacho,ar ARG,MF,Chelsea,21-318,2004,23,14,1266,14.1,1,4,5,1,0,0,2,0,0.07,0.28,0.36,0.07,0.36,Matches
175,James Garner,eng ENG,"MF,DF",Everton,25-063,2001,36,36,3233,35.9,2,7,9,2,0,0,11,0,0.06,0.19,0.25,0.06,0.25,Matches
176,Lutsharel Geertruida,nl NED,"DF,MF",Sunderland,25-301,2000,26,15,1513,16.8,0,0,0,0,0,0,1,0,0.0,0.0,0.0,0.0,0.0,Matches
177,Tyrique George,eng ENG,FW,Chelsea,20-100,2006,4,0,145,1.6,0,0,0,0,0,0,2,0,0.0,0.0,0.0,0.0,0.0,Matches
178,Tyrique George,eng ENG,MF,Everton,20-100,2006,9,1,171,1.9,0,0,0,0,0,0,0,0,0.0,0.0,0.0,0.0,0.0,Matches
179,Morgan Gibbs-White,eng ENG,MF,Nottingham Forest,26-108,2000,35,33,2917,32.4,13,4,17,12,1,1,1,0,0.4,0.12,0.52,0.37,0.49,Matches
180,Jamie Gittens,eng ENG,MF,Chelsea,21-280,2004,16,5,495,5.5,0,2,2,0,0,0,0,0,0.0,0.36,0.36,0.0,0.36,Matches
181,Wilfried Gnonto,it ITA,FW,Leeds United,22-191,2003,21,4,484,5.4,0,1,1,0,0,0,3,0,0.0,0.19,0.19,0.0,0.19,Matches
182,Angel Gomes,eng ENG,"MF,FW",Wolves,25-257,2000,11,6,396,4.4,0,0,0,0,0,0,1,0,0.0,0.0,0.0,0.0,0.0,Matches
183,João Gomes,br BRA,MF,Wolves,25-092,2001,34,31,2739,30.4,1,1,2,1,0,0,10,0,0.03,0.03,0.07,0.03,0.07,Matches
184,Rodrigo Gomes,pt POR,"MF,FW",Wolves,22-312,2003,20,7,795,8.8,3,0,3,3,0,0,0,0,0.34,0.0,0.34,0.34,0.34,Matches
185,Toti Gomes,pt POR,DF,Wolves,27-119,1999,18,17,1399,15.5,0,0,0,0,0,0,2,1,0.0,0.0,0.0,0.0,0.0,Matches
186,Diego Gómez,py PAR,"MF,FW",Brighton,23-049,2003,30,25,2036,22.6,5,1,6,5,0,0,9,0,0.22,0.04,0.27,0.22,0.27,Matches
187,Joe Gomez,eng ENG,DF,Liverpool,28-357,1997,19,6,540,6.0,0,2,2,0,0,0,3,0,0.0,0.33,0.33,0.0,0.33,Matches
188,Nicolás González,es ESP,MF,Manchester City,24-132,2002,24,16,1479,16.4,1,0,1,1,0,0,6,0,0.06,0.0,0.06,0.06,0.06,Matches
189,Anthony Gordon,eng ENG,FW,Newcastle United,25-080,2001,26,24,1795,19.9,6,2,8,3,3,3,3,1,0.3,0.1,0.4,0.15,0.25,Matches
190,Ryan Gravenberch,nl NED,MF,Liverpool,23-364,2002,34,32,2845,31.6,5,3,8,5,0,0,5,0,0.16,0.09,0.25,0.16,0.25,Matches
191,Archie Gray,eng ENG,"MF,DF",Tottenham Hotspur,20-064,2006,23,18,1469,16.3,2,2,4,2,0,0,5,0,0.12,0.12,0.25,0.12,0.25,Matches
192,Jack Grealish,eng ENG,MF,Everton,30-247,1995,20,18,1627,18.1,2,6,8,2,0,0,5,1,0.11,0.33,0.44,0.11,0.44,Matches
193,Pascal Groß,de GER,MF,Brighton,34-334,1991,17,16,1456,16.2,1,3,4,1,0,0,2,0,0.06,0.19,0.25,0.06,0.25,Matches
194,Brajan Gruda,de GER,MF,Brighton,21-349,2004,18,8,719,8.0,1,1,2,1,0,0,2,0,0.13,0.13,0.25,0.13,0.25,Matches
195,Ilia Gruev,bg BUL,MF,Leeds United,26-009,2000,23,15,1323,14.7,0,3,3,0,0,0,3,0,0.0,0.2,0.2,0.0,0.2,Matches
196,Gabriel Gudmundsson,se SWE,"DF,MF",Leeds United,27-016,1999,32,31,2631,29.2,0,0,0,0,0,0,6,1,0.0,0.0,0.0,0.0,0.0,Matches
197,Marc Guéhi,eng ENG,DF,Crystal Palace,25-306,2000,20,20,1800,20.0,2,2,4,2,0,0,4,0,0.1,0.1,0.2,0.1,0.2,Matches
198,Marc Guéhi,eng ENG,DF,Manchester City,25-306,2000,14,14,1260,14.0,1,1,2,1,0,0,2,0,0.07,0.07,0.14,0.07,0.14,Matches
199,Evann Guessand,ci CIV,MF,Aston Villa,24-318,2001,13,6,588,6.5,0,1,1,0,0,0,0,0,0.0,0.15,0.15,0.0,0.15,Matches
200,Evann Guessand,ci CIV,MF,Crystal Palace,24-318,2001,6,3,300,3.3,1,1,2,1,0,0,0,0,0.3,0.3,0.6,0.3,0.6,Matches
201,Luis Guilherme,br BRA,FW,West Ham United,20-095,2006,5,1,125,1.4,0,0,0,0,0,0,0,0,0.0,0.0,0.0,0.0,0.0,Matches
202,Bruno Guimarães,br BRA,MF,Newcastle United,28-180,1997,27,25,2298,25.5,9,5,14,7,2,2,5,0,0.35,0.2,0.55,0.27,0.47,Matches
203,Marc Guiu,es ESP,FW,Sunderland,20-131,2006,2,0,15,0.2,0,0,0,0,0,0,0,0,0.0,0.0,0.0,0.0,0.0,Matches
204,Marc Guiu,es ESP,FW,Chelsea,20-131,2006,8,1,257,2.9,0,1,1,0,0,0,1,0,0.0,0.35,0.35,0.0,0.35,Matches
205,Angus Gunn,sct SCO,GK,Nottingham Forest,30-113,1996,1,0,45,0.5,0,0,0,0,0,0,0,0,0.0,0.0,0.0,0.0,0.0,Matches
206,Malo Gusto,fr FRA,DF,Chelsea,22-361,2003,33,25,2177,24.2,2,3,5,2,0,0,5,1,0.08,0.12,0.21,0.08,0.21,Matches
207,Joško Gvardiol,hr CRO,DF,Manchester City,24-112,2002,17,16,1359,15.1,2,2,4,2,0,0,2,0,0.13,0.13,0.26,0.13,0.26,Matches
208,Viktor Gyökeres,se SWE,FW,Arsenal,27-345,1998,34,26,2198,24.4,14,1,15,11,3,3,5,0,0.57,0.04,0.61,0.45,0.49,Matches
209,Erling Haaland,no NOR,FW,Manchester City,25-298,2000,34,33,2863,31.8,26,8,34,23,3,4,2,0,0.82,0.25,1.07,0.72,0.97,Matches
210,Lewis Hall,eng ENG,DF,Newcastle United,21-249,2004,28,22,2001,22.2,1,1,2,1,0,0,3,0,0.04,0.04,0.09,0.04,0.09,Matches
211,Jack Harrison,eng ENG,FW,Leeds United,29-176,1996,11,1,269,3.0,0,0,0,0,0,0,0,0,0.0,0.0,0.0,0.0,0.0,Matches
212,Quilindschy Hartman,nl NED,DF,Burnley,24-182,2001,21,21,1825,20.3,0,5,5,0,0,0,1,0,0.0,0.25,0.25,0.0,0.25,Matches
213,Jorrel Hato,nl NED,DF,Chelsea,20-069,2006,20,10,1007,11.2,0,0,0,0,0,0,6,0,0.0,0.0,0.0,0.0,0.0,Matches
214,Kai Havertz,de GER,"MF,FW",Arsenal,26-338,1999,10,6,464,5.2,1,2,3,1,0,0,0,0,0.19,0.39,0.58,0.19,0.58,Matches
215,Ayden Heaven,eng ENG,DF,Manchester Utd,19-235,2006,17,11,924,10.3,0,1,1,0,0,0,2,0,0.0,0.1,0.1,0.0,0.1,Matches
216,Jan Paul van Hecke,nl NED,DF,Brighton,25-341,2000,34,34,3030,33.7,3,3,6,3,0,0,9,0,0.09,0.09,0.18,0.09,0.18,Matches
217,Hwang Hee-chan,kr KOR,"FW,MF",Wolves,30-109,1996,24,16,1278,14.2,2,1,3,1,1,1,4,0,0.14,0.07,0.21,0.07,0.14,Matches
218,George Hemmings,eng ENG,MF,Aston Villa,19-072,2007,2,0,27,0.3,0,0,0,0,0,0,0,0,0.0,0.0,0.0,0.0,0.0,Matches
219,Dean Henderson,eng ENG,GK,Crystal Palace,29-064,1997,35,35,3150,35.0,0,0,0,0,0,0,4,0,0.0,0.0,0.0,0.0,0.0,Matches
220,Jordan Henderson,eng ENG,MF,Brentford,35-332,1990,30,21,1832,20.4,1,3,4,1,0,0,5,0,0.05,0.15,0.2,0.05,0.2,Matches
221,Rico Henry,jm JAM,DF,Brentford,28-311,1997,25,14,1328,14.8,0,1,1,0,0,0,2,0,0.0,0.07,0.07,0.0,0.07,Matches
222,Mads Hermansen,dk DEN,GK,West Ham United,25-308,2000,16,16,1440,16.0,0,0,0,0,0,0,0,0,0.0,0.0,0.0,0.0,0.0,Matches
223,Aaron Hickey,sct SCO,"DF,MF",Brentford,23-339,2002,20,8,659,7.3,0,0,0,0,0,0,1,0,0.0,0.0,0.0,0.0,0.0,Matches
224,James Hill,eng ENG,DF,Bournemouth,24-125,2002,27,20,1926,21.4,0,3,3,0,0,0,3,0,0.0,0.14,0.14,0.0,0.14,Matches
225,Piero Hincapié,ec ECU,DF,Arsenal,24-126,2002,23,19,1683,18.7,1,2,3,1,0,0,2,0,0.05,0.11,0.16,0.05,0.16,Matches
226,Jack Hinshelwood,eng ENG,MF,Brighton,21-034,2005,25,18,1587,17.6,4,3,7,4,0,0,0,0,0.23,0.17,0.4,0.23,0.4,Matches
227,Ki-Jana Hoever,nl NED,"MF,DF",Wolves,24-117,2002,8,6,425,4.7,0,0,0,0,0,0,0,0,0.0,0.0,0.0,0.0,0.0,Matches
228,Harry Howell,eng ENG,MF,Brighton,18-025,2008,3,1,94,1.0,0,0,0,0,0,0,0,0,0.0,0.0,0.0,0.0,0.0,Matches
229,Callum Hudson-Odoi,eng ENG,MF,Nottingham Forest,25-189,2000,30,21,1841,20.5,3,4,7,3,0,0,0,0,0.15,0.2,0.34,0.15,0.34,Matches
230,Will Hughes,eng ENG,MF,Crystal Palace,31-028,1995,30,18,1481,16.5,0,0,0,0,0,0,7,0,0.0,0.0,0.0,0.0,0.0,Matches
231,Trai Hume,nir NIR,"DF,MF",Sunderland,24-058,2002,36,32,2887,32.1,1,1,2,1,0,0,9,0,0.03,0.03,0.06,0.03,0.06,Matches
232,Bashir Humphreys,eng ENG,"DF,MF",Burnley,23-061,2003,18,16,1479,16.4,0,0,0,0,0,0,6,0,0.0,0.0,0.0,0.0,0.0,Matches
233,Omari Hutchinson,eng ENG,MF,Nottingham Forest,22-197,2003,29,15,1542,17.1,1,4,5,1,0,0,1,0,0.06,0.23,0.29,0.06,0.29,Matches
234,Igor,br BRA,DF,West Ham United,28-097,1998,4,1,105,1.2,0,0,0,0,0,0,0,0,0.0,0.0,0.0,0.0,0.0,Matches
235,Tim Iroegbunam,eng ENG,MF,Everton,22-319,2003,27,15,1332,14.8,0,2,2,0,0,0,8,0,0.0,0.14,0.14,0.0,0.14,Matches
236,Andy Irving,sct SCO,MF,West Ham United,26-002,2000,7,2,158,1.8,0,0,0,0,0,0,0,0,0.0,0.0,0.0,0.0,0.0,Matches
237,Alexander Isak,se SWE,FW,Liverpool,26-236,1999,14,8,699,7.8,3,1,4,3,0,0,0,0,0.39,0.13,0.52,0.39,0.52,Matches
238,Wilson Isidor,ht HAI,FW,Sunderland,25-261,2000,30,11,1121,12.5,5,0,5,5,0,0,1,0,0.4,0.0,0.4,0.4,0.4,Matches
239,Alex Iwobi,ng NGA,MF,Fulham,30-012,1996,27,27,2263,25.1,4,3,7,4,0,0,3,0,0.16,0.12,0.28,0.16,0.28,Matches
240,Daniel James,wls WAL,"FW,MF",Leeds United,28-186,1997,17,5,479,5.3,0,0,0,0,0,0,0,0,0.0,0.0,0.0,0.0,0.0,Matches
241,Reece James,eng ENG,"DF,MF",Chelsea,26-158,1999,28,20,1924,21.4,2,4,6,2,0,0,4,0,0.09,0.19,0.28,0.09,0.28,Matches
242,Vitaly Janelt,de GER,MF,Brentford,28-005,1998,23,13,1292,14.4,1,4,5,1,0,0,7,0,0.07,0.28,0.35,0.07,0.35,Matches
243,Mathias Jensen,dk DEN,MF,Brentford,30-134,1996,34,24,2103,23.4,3,1,4,3,0,0,3,0,0.13,0.04,0.17,0.13,0.17,Matches
244,Gabriel Jesus,br BRA,FW,Arsenal,29-042,1997,13,2,355,3.9,2,0,2,2,0,0,2,0,0.51,0.0,0.51,0.51,0.51,Matches
245,Igor Jesus,br BRA,FW,Nottingham Forest,25-079,2001,35,26,2125,23.6,6,4,10,5,1,1,2,0,0.25,0.17,0.42,0.21,0.38,Matches
246,Álex Jiménez,es ESP,"DF,MF",Bournemouth,21-007,2005,31,26,2317,25.7,1,0,1,1,0,0,10,0,0.04,0.0,0.04,0.04,0.04,Matches
247,Raúl Jiménez,mx MEX,FW,Fulham,35-010,1991,34,27,2146,23.8,9,3,12,5,4,4,5,0,0.38,0.13,0.5,0.21,0.34,Matches
248,Jamaldeen Jimoh,eng ENG,MF,Aston Villa,19-225,2006,1,0,9,0.1,0,0,0,0,0,0,0,0,0.0,0.0,0.0,0.0,0.0,Matches
249,João Pedro,br BRA,"FW,MF",Chelsea,24-231,2001,34,30,2571,28.6,15,5,20,15,0,0,4,0,0.53,0.18,0.7,0.53,0.7,Matches
250,Joelinton,br BRA,MF,Newcastle United,29-274,1996,27,23,1951,21.7,2,1,3,2,0,0,10,0,0.09,0.05,0.14,0.09,0.14,Matches
251,John,br BRA,GK,Nottingham Forest,30-091,1996,5,5,437,4.9,0,0,0,0,0,0,1,0,0.0,0.0,0.0,0.0,0.0,Matches
252,Brennan Johnson,wls WAL,"MF,FW",Tottenham Hotspur,24-357,2001,16,6,610,6.8,2,0,2,2,0,0,2,0,0.3,0.0,0.3,0.3,0.3,Matches
253,Brennan Johnson,wls WAL,"MF,FW",Crystal Palace,24-357,2001,17,13,1067,11.9,0,1,1,0,0,0,4,0,0.0,0.08,0.08,0.0,0.08,Matches
254,Sam Johnstone,eng ENG,GK,Wolves,33-051,1993,12,12,1080,12.0,0,0,0,0,0,0,0,0,0.0,0.0,0.0,0.0,0.0,Matches
255,Curtis Jones,eng ENG,"MF,DF",Liverpool,25-105,2001,32,16,1757,19.5,0,2,2,0,0,0,2,0,0.0,0.1,0.1,0.0,0.1,Matches
256,Eli Junior Kroupi,fr FRA,"MF,FW",Bournemouth,19-326,2006,31,19,1525,16.9,12,0,12,10,2,2,5,0,0.71,0.0,0.71,0.59,0.59,Matches
257,Hamed Junior Traorè,ci CIV,MF,Bournemouth,26-088,2000,1,0,17,0.2,0,1,1,0,0,0,0,0,0.0,5.29,5.29,0.0,5.29,Matches
258,James Justin,eng ENG,"DF,MF",Leeds United,28-081,1998,27,19,1721,19.1,2,1,3,2,0,0,4,0,0.1,0.05,0.16,0.1,0.16,Matches
259,Filip Jørgensen,dk DEN,GK,Chelsea,24-029,2002,5,3,379,4.2,0,0,0,0,0,0,0,0,0.0,0.0,0.0,0.0,0.0,Matches
260,Ferdi Kadioglu,tr TUR,"DF,MF",Brighton,26-220,1999,35,32,2953,32.8,1,0,1,1,0,0,6,0,0.03,0.0,0.03,0.03,0.03,Matches
261,Sasa Kalajdzic,at AUT,"FW,MF",Wolves,28-312,1997,1,0,15,0.2,0,0,0,0,0,0,0,0,0.0,0.0,0.0,0.0,0.0,Matches
262,Arnaud Kalimuendo,fr FRA,FW,Nottingham Forest,24-115,2002,9,0,96,1.1,0,0,0,0,0,0,0,0,0.0,0.0,0.0,0.0,0.0,Matches
263,Daichi Kamada,jp JPN,MF,Crystal Palace,29-283,1996,26,20,1767,19.6,0,0,0,0,0,0,3,0,0.0,0.0,0.0,0.0,0.0,Matches
264,Boubacar Kamara,fr FRA,MF,Aston Villa,26-173,1999,18,17,1411,15.7,1,3,4,1,0,0,5,0,0.06,0.19,0.26,0.06,0.26,Matches
265,Mohamadou Kanté,fr FRA,MF,West Ham United,20-237,2005,9,0,44,0.5,0,0,0,0,0,0,1,0,0.0,0.0,0.0,0.0,0.0,Matches
266,Michael Kayode,it ITA,DF,Brentford,21-309,2004,35,35,3078,34.2,1,1,2,1,0,0,7,0,0.03,0.03,0.06,0.03,0.06,Matches
267,Michael Keane,eng ENG,DF,Everton,33-124,1993,31,27,2411,26.8,3,0,3,3,0,0,1,1,0.11,0.0,0.11,0.11,0.11,Matches
268,Caoimhín Kelleher,ie IRL,GK,Brentford,27-173,1998,35,35,3150,35.0,0,0,0,0,0,0,1,0,0.0,0.0,0.0,0.0,0.0,Matches
269,Milos Kerkez,hu HUN,DF,Liverpool,22-189,2003,32,26,2159,24.0,2,1,3,2,0,0,4,0,0.08,0.04,0.13,0.08,0.13,Matches
270,Kevin,br BRA,MF,Fulham,23-131,2003,24,8,937,10.4,1,1,2,1,0,0,1,0,0.1,0.1,0.19,0.1,0.19,Matches
271,Abdukodir Khusanov,uz UZB,DF,Manchester City,22-075,2004,20,14,1342,14.9,0,0,0,0,0,0,2,0,0.0,0.0,0.0,0.0,0.0,Matches
272,Max Kilman,eng ENG,DF,West Ham United,28-357,1997,21,17,1561,17.3,0,0,0,0,0,0,4,0,0.0,0.0,0.0,0.0,0.0,Matches
273,Joshua King,eng ENG,MF,Fulham,19-132,2007,30,15,1265,14.1,1,2,3,1,0,0,4,0,0.07,0.14,0.21,0.07,0.21,Matches
274,Antonín Kinský,cz CZE,GK,Tottenham Hotspur,23-063,2003,5,5,450,5.0,0,0,0,0,0,0,0,0,0.0,0.0,0.0,0.0,0.0,Matches
275,Justin Kluivert,nl NED,MF,Bournemouth,27-010,1999,18,10,919,10.2,2,0,2,2,0,0,4,0,0.2,0.0,0.2,0.2,0.2,Matches
276,Joe Knight,eng ENG,MF,Brighton,20-236,2005,1,0,1,0.0,0,0,0,0,0,0,0,0,0.0,0.0,0.0,0.0,0.0,Matches
277,Randal Kolo Muani,fr FRA,"FW,MF",Tottenham Hotspur,27-161,1998,28,20,1578,17.5,1,1,2,1,0,0,3,0,0.06,0.06,0.11,0.06,0.11,Matches
278,Ibrahima Konaté,fr FRA,DF,Liverpool,26-355,1999,34,34,2912,32.4,1,0,1,1,0,0,6,0,0.03,0.0,0.03,0.03,0.03,Matches
279,Ezri Konsa,eng ENG,DF,Aston Villa,28-204,1997,33,33,2945,32.7,0,0,0,0,0,0,0,1,0.0,0.0,0.0,0.0,0.0,Matches
280,Charalampos Kostoulas,gr GRE,FW,Brighton,18-350,2007,19,2,328,3.6,2,1,3,2,0,0,2,0,0.55,0.27,0.82,0.55,0.82,Matches
281,Mateo Kovačić,hr CRO,MF,Manchester City,32-009,1994,4,0,43,0.5,0,1,1,0,0,0,0,0,0.0,2.09,2.09,0.0,2.09,Matches
282,Emil Krafth,se SWE,DF,Newcastle United,31-286,1994,1,1,45,0.5,0,0,0,0,0,0,0,0,0.0,0.0,0.0,0.0,0.0,Matches
283,Ladislav Krejčí,cz CZE,"DF,MF",Wolves,27-025,1999,26,25,2201,24.5,2,1,3,2,0,0,5,1,0.08,0.04,0.12,0.08,0.12,Matches
284,Mohammed Kudus,gh GHA,"MF,FW",Tottenham Hotspur,25-286,2000,19,19,1535,17.1,2,5,7,2,0,0,3,0,0.12,0.29,0.41,0.12,0.41,Matches
285,Jonah Kusi-Asare,se SWE,FW,Fulham,18-315,2007,7,0,55,0.6,0,0,0,0,0,0,1,0,0.0,0.0,0.0,0.0,0.0,Matches
286,Shea Lacey,eng ENG,FW,Manchester Utd,19-031,2007,2,0,14,0.2,0,0,0,0,0,0,0,0,0.0,0.0,0.0,0.0,0.0,Matches
287,Maxence Lacroix,fr FRA,DF,Crystal Palace,26-039,2000,34,34,3025,33.6,1,2,3,1,0,0,4,1,0.03,0.06,0.09,0.03,0.09,Matches
288,Senne Lammens,be BEL,GK,Manchester Utd,23-312,2002,30,30,2700,30.0,0,0,0,0,0,0,0,0,0.0,0.0,0.0,0.0,0.0,Matches
289,Jamaal Lascelles,eng ENG,DF,Newcastle United,32-185,1993,2,0,21,0.2,0,0,0,0,0,0,0,0,0.0,0.0,0.0,0.0,0.0,Matches
290,Josh Laurent,eng ENG,"DF,MF",Burnley,31-009,1995,32,18,1744,19.4,1,0,1,1,0,0,7,1,0.05,0.0,0.05,0.05,0.05,Matches
291,Roméo Lavia,be BEL,MF,Chelsea,22-129,2004,12,4,382,4.2,0,0,0,0,0,0,0,0,0.0,0.0,0.0,0.0,0.0,Matches
292,Enzo Le Fée,fr FRA,"MF,FW",Sunderland,26-101,2000,34,31,2751,30.6,4,5,9,1,3,4,5,0,0.13,0.16,0.29,0.03,0.2,Matches
293,Bernd Leno,de GER,GK,Fulham,34-072,1992,36,36,3240,36.0,0,0,0,0,0,0,3,0,0.0,0.0,0.0,0.0,0.0,Matches
294,Jefferson Lerma,co COL,"MF,DF",Crystal Palace,31-202,1994,29,17,1626,18.1,0,2,2,0,0,0,6,0,0.0,0.11,0.11,0.0,0.11,Matches
295,Rico Lewis,eng ENG,DF,Manchester City,21-175,2004,10,3,317,3.5,0,1,1,0,0,0,1,0,0.0,0.28,0.28,0.0,0.28,Matches
296,Keane Lewis-Potter,eng ENG,"DF,MF",Brentford,25-082,2001,34,20,1794,19.9,3,3,6,3,0,0,1,0,0.15,0.15,0.3,0.15,0.3,Matches
297,Myles Lewis-Skelly,eng ENG,"MF,DF",Arsenal,19-231,2006,18,4,601,6.7,0,0,0,0,0,0,3,0,0.0,0.0,0.0,0.0,0.0,Matches
298,Matthijs de Ligt,nl NED,DF,Manchester Utd,26-276,1999,13,13,1170,13.0,1,0,1,1,0,0,0,0,0.08,0.0,0.08,0.08,0.08,Matches
299,Pedro Lima,br BRA,MF,Wolves,19-318,2006,7,3,245,2.7,0,0,0,0,0,0,0,0,0.0,0.0,0.0,0.0,0.0,Matches
300,Victor Lindelöf,se SWE,"DF,MF",Aston Villa,31-302,1994,15,9,831,9.2,0,1,1,0,0,0,0,0,0.0,0.11,0.11,0.0,0.11,Matches
301,Valentino Livramento,eng ENG,DF,Newcastle United,23-184,2002,17,14,1328,14.8,0,1,1,0,0,0,1,0,0.0,0.07,0.07,0.0,0.07,Matches
302,Sean Longstaff,eng ENG,MF,Leeds United,28-197,1997,22,10,980,10.9,2,2,4,2,0,0,2,0,0.18,0.18,0.37,0.18,0.37,Matches
303,Fer López,es ESP,MF,Wolves,21-356,2004,9,2,235,2.6,0,1,1,0,0,0,1,0,0.0,0.38,0.38,0.0,0.38,Matches
304,Lucas,br BRA,"MF,DF",Burnley,25-052,2001,18,13,1229,13.7,0,0,0,0,0,0,0,1,0.0,0.0,0.0,0.0,0.0,Matches
305,Lorenzo Lucca,it ITA,FW,Nottingham Forest,25-247,2000,4,1,129,1.4,1,0,1,1,0,0,0,0,0.7,0.0,0.7,0.7,0.7,Matches
306,Florentino Luís,pt POR,MF,Burnley,26-269,1999,29,23,1938,21.5,0,2,2,0,0,0,6,0,0.0,0.09,0.09,0.0,0.09,Matches
307,Douglas Luiz,br BRA,MF,Aston Villa,28-006,1998,11,6,531,5.9,1,0,1,1,0,0,1,0,0.17,0.0,0.17,0.17,0.17,Matches
308,Douglas Luiz,br BRA,MF,Nottingham Forest,28-006,1998,8,5,315,3.5,0,0,0,0,0,0,2,0,0.0,0.0,0.0,0.0,0.0,Matches
309,Saša Lukić,rs SRB,MF,Fulham,29-275,1996,25,19,1644,18.3,1,2,3,1,0,0,9,0,0.05,0.11,0.16,0.05,0.16,Matches
310,Ian Maatsen,nl NED,DF,Aston Villa,24-066,2002,28,16,1509,16.8,0,1,1,0,0,0,2,0,0.0,0.06,0.06,0.0,0.06,Matches
311,Alexis Mac Allister,ar ARG,MF,Liverpool,27-142,1998,35,29,2478,27.5,2,4,6,2,0,0,6,0,0.07,0.15,0.22,0.07,0.22,Matches
312,James Maddison,eng ENG,"FW,MF",Tottenham Hotspur,29-173,1996,1,0,6,0.1,0,0,0,0,0,0,0,0,0.0,0.0,0.0,0.0,0.0,Matches
313,Noni Madueke,eng ENG,"FW,MF",Arsenal,24-066,2002,25,15,1129,12.5,2,1,3,2,0,0,0,0,0.16,0.08,0.24,0.16,0.24,Matches
314,Gabriel Magalhães,br BRA,DF,Arsenal,28-147,1997,30,29,2616,29.1,3,4,7,3,0,0,4,0,0.1,0.14,0.24,0.1,0.24,Matches
315,Soungoutou Magassa,fr FRA,MF,West Ham United,22-219,2003,22,11,981,10.9,1,0,1,1,0,0,4,0,0.09,0.0,0.09,0.09,0.09,Matches
316,Harry Maguire,eng ENG,DF,Manchester Utd,33-071,1993,21,17,1473,16.4,1,2,3,1,0,0,3,1,0.06,0.12,0.18,0.06,0.18,Matches
317,Kobbie Mainoo,eng ENG,MF,Manchester Utd,21-026,2005,26,14,1482,16.5,1,2,3,1,0,0,1,0,0.06,0.12,0.18,0.06,0.18,Matches
318,Tyrell Malacia,nl NED,DF,Manchester Utd,26-271,1999,2,0,9,0.1,0,0,0,0,0,0,0,0,0.0,0.0,0.0,0.0,0.0,Matches
319,Donyell Malen,nl NED,"FW,MF",Aston Villa,27-126,1999,21,5,656,7.3,4,1,5,4,0,0,0,0,0.55,0.14,0.69,0.55,0.69,Matches
320,Giorgi Mamardashvili,ge GEO,GK,Liverpool,25-228,2000,9,9,777,8.6,0,0,0,0,0,0,0,0,0.0,0.0,0.0,0.0,0.0,Matches
321,Reinildo Mandava,mz MOZ,DF,Sunderland,32-114,1994,23,21,1786,19.8,0,1,1,0,0,0,7,1,0.0,0.05,0.05,0.0,0.05,Matches
322,Mateus Mane,pt POR,MF,Wolves,18-241,2007,25,17,1615,17.9,2,1,3,2,0,0,0,0,0.11,0.06,0.17,0.11,0.17,Matches
323,Bendito Mantato,eng ENG,MF,Manchester Utd,18-110,2008,1,0,16,0.2,0,0,0,0,0,0,0,0,0.0,0.0,0.0,0.0,0.0,Matches
324,Solly March,eng ENG,MF,Brighton,31-299,1994,2,0,8,0.1,0,0,0,0,0,0,0,0,0.0,0.0,0.0,0.0,0.0,Matches
325,Omar Marmoush,eg EGY,"FW,MF",Manchester City,27-097,1999,20,8,685,7.6,3,3,6,3,0,0,3,0,0.39,0.39,0.79,0.39,0.79,Matches
326,Callum Marshall,nir NIR,FW,West Ham United,21-168,2004,2,0,60,0.7,0,0,0,0,0,0,0,0,0.0,0.0,0.0,0.0,0.0,Matches
327,Gabriel Martinelli,br BRA,"FW,MF",Arsenal,24-331,2001,28,10,990,11.0,1,3,4,1,0,0,3,0,0.09,0.27,0.36,0.09,0.36,Matches
328,Emiliano Martínez,ar ARG,GK,Aston Villa,33-255,1992,31,31,2745,30.5,0,1,1,0,0,0,2,0,0.0,0.03,0.03,0.0,0.03,Matches
329,Lisandro Martínez,ar ARG,DF,Manchester Utd,28-117,1998,16,11,1053,11.7,0,0,0,0,0,0,0,1,0.0,0.0,0.0,0.0,0.0,Matches
330,Arthur Masuaku,cd COD,DF,Sunderland,32-189,1993,3,2,126,1.4,0,0,0,0,0,0,1,0,0.0,0.0,0.0,0.0,0.0,Matches
331,Pape Matar Sarr,sn SEN,MF,Tottenham Hotspur,23-243,2002,24,13,1357,15.1,2,3,5,2,0,0,2,0,0.13,0.2,0.33,0.13,0.33,Matches
332,Jean-Philippe Mateta,fr FRA,FW,Crystal Palace,28-321,1997,30,25,2174,24.2,11,0,11,7,4,4,2,0,0.46,0.0,0.46,0.29,0.29,Matches
333,Konstantinos Mavropanos,gr GRE,DF,West Ham United,28-155,1997,29,25,2354,26.2,3,0,3,3,0,0,2,0,0.11,0.0,0.11,0.11,0.11,Matches
334,Eliezer Mayenda,es ESP,"FW,MF",Sunderland,21-007,2005,20,8,759,8.4,2,0,2,2,0,0,0,0,0.24,0.0,0.24,0.24,0.24,Matches
335,Ezra Mayers,bb BRB,DF,West Ham United,19-119,2007,6,0,117,1.3,0,0,0,0,0,0,0,0,0.0,0.0,0.0,0.0,0.0,Matches
336,Noussair Mazraoui,ma MAR,"DF,MF",Manchester Utd,28-182,1997,19,10,912,10.1,0,0,0,0,0,0,3,0,0.0,0.0,0.0,0.0,0.0,Matches
337,Bryan Mbeumo,cm CMR,"MF,FW",Manchester Utd,26-281,1999,31,29,2457,27.3,9,3,12,9,0,0,4,0,0.33,0.11,0.44,0.33,0.44,Matches
338,James Mcatee,eng ENG,MF,Nottingham Forest,23-209,2002,12,2,278,3.1,0,1,1,0,0,0,1,0,0.0,0.32,0.32,0.0,0.32,Matches
339,John McGinn,sct SCO,MF,Aston Villa,31-209,1994,28,27,2043,22.7,4,4,8,4,0,0,4,0,0.18,0.18,0.35,0.18,0.35,Matches
340,Dwight McNeil,eng ENG,MF,Everton,26-174,1999,21,14,1165,12.9,0,1,1,0,0,0,1,0,0.0,0.08,0.08,0.0,0.08,Matches
341,Hannibal Mejbri,tn TUN,MF,Burnley,23-114,2003,25,13,1095,12.2,1,4,5,1,0,0,8,0,0.08,0.33,0.41,0.08,0.41,Matches
342,Mikel Merino,es ESP,"MF,FW",Arsenal,29-327,1996,21,10,1007,11.2,4,3,7,4,0,0,1,0,0.36,0.27,0.63,0.36,0.63,Matches
343,Antoni Milambo,nl NED,MF,Brentford,21-042,2005,1,1,45,0.5,0,0,0,0,0,0,0,0,0.0,0.0,0.0,0.0,0.0,Matches
344,Nikola Milenković,rs SRB,DF,Nottingham Forest,28-215,1997,36,35,3195,35.5,0,0,0,0,0,0,6,0,0.0,0.0,0.0,0.0,0.0,Matches
345,Lewis Miley,eng ENG,"MF,DF",Newcastle United,20-014,2006,23,15,1496,16.6,1,4,5,1,0,0,0,0,0.06,0.24,0.3,0.06,0.3,Matches
346,James Milner,eng ENG,MF,Brighton,40-131,1986,19,6,726,8.1,1,1,2,0,1,1,2,0,0.12,0.12,0.25,0.0,0.12,Matches
347,Veljko Milosavljević,rs SRB,DF,Bournemouth,18-321,2007,7,4,368,4.1,0,0,0,0,0,0,0,0,0.0,0.0,0.0,0.0,0.0,Matches
348,Tyrone Mings,eng ENG,DF,Aston Villa,33-063,1993,16,14,1234,13.7,0,0,0,0,0,0,1,0,0.0,0.0,0.0,0.0,0.0,Matches
349,Yankuba Minteh,gm GAM,MF,Brighton,21-297,2004,32,25,2257,25.1,3,4,7,3,0,0,3,0,0.12,0.16,0.28,0.12,0.28,Matches
350,Tyrick Mitchell,eng ENG,MF,Crystal Palace,26-256,1999,36,35,3116,34.6,1,2,3,1,0,0,6,0,0.03,0.06,0.09,0.03,0.09,Matches
351,Kaoru Mitoma,jp JPN,"MF,FW",Brighton,28-360,1997,25,19,1721,19.1,3,1,4,3,0,0,5,0,0.16,0.05,0.21,0.16,0.21,Matches
352,Morato,br BRA,DF,Nottingham Forest,24-319,2001,19,12,1165,12.9,0,0,0,0,0,0,5,0,0.0,0.0,0.0,0.0,0.0,Matches
353,Cristhian Mosquera,es ESP,DF,Arsenal,21-322,2004,18,7,814,9.0,0,0,0,0,0,0,4,0,0.0,0.0,0.0,0.0,0.0,Matches
354,Yerson Mosquera,co COL,DF,Wolves,25-013,2001,25,22,1956,21.7,0,0,0,0,0,0,11,0,0.0,0.0,0.0,0.0,0.0,Matches
355,Mason Mount,eng ENG,MF,Manchester Utd,27-125,1999,21,11,934,10.4,3,0,3,3,0,0,2,0,0.29,0.0,0.29,0.29,0.29,Matches
356,Divine Mukasa,eng ENG,MF,Manchester City,18-266,2007,2,0,27,0.3,0,0,0,0,0,0,0,0,0.0,0.0,0.0,0.0,0.0,Matches
357,Nordi Mukiele,fr FRA,DF,Sunderland,28-195,1997,30,30,2604,28.9,3,3,6,3,0,0,5,0,0.1,0.1,0.21,0.1,0.21,Matches
358,Romaine Mundle,eng ENG,MF,Sunderland,23-021,2003,14,2,411,4.6,0,0,0,0,0,0,1,0,0.0,0.0,0.0,0.0,0.0,Matches
359,Marshall Munetsi,zw ZIM,"MF,FW",Wolves,29-327,1996,13,9,875,9.7,1,1,2,1,0,0,2,0,0.1,0.1,0.21,0.1,0.21,Matches
360,Rodrigo Muniz,br BRA,FW,Fulham,25-011,2001,19,8,863,9.6,1,1,2,1,0,0,2,0,0.1,0.1,0.21,0.1,0.21,Matches
361,Daniel Muñoz,co COL,MF,Crystal Palace,29-354,1996,27,27,2264,25.2,4,2,6,4,0,0,7,0,0.16,0.08,0.24,0.16,0.24,Matches
362,Murillo,br BRA,DF,Nottingham Forest,23-315,2002,25,25,2130,23.7,1,0,1,1,0,0,5,0,0.04,0.0,0.04,0.04,0.04,Matches
363,Alex Murphy,ie IRL,DF,Newcastle United,21-324,2004,1,0,2,0.0,0,0,0,0,0,0,0,0,0.0,0.0,0.0,0.0,0.0,Matches
364,Jacob Murphy,eng ENG,"FW,MF",Newcastle United,31-080,1995,31,18,1556,17.3,3,2,5,3,0,0,2,0,0.17,0.12,0.29,0.17,0.29,Matches
365,Vitaliy Mykolenko,ua UKR,DF,Everton,26-351,1999,31,31,2778,30.9,0,1,1,0,0,0,6,0,0.0,0.03,0.03,0.0,0.03,Matches
366,David Møller Wolfe,no NOR,"MF,DF",Wolves,24-022,2002,20,9,892,9.9,0,2,2,0,0,0,1,0,0.0,0.2,0.2,0.0,0.2,Matches
367,Iliman Ndiaye,sn SEN,MF,Everton,26-070,2000,30,30,2598,28.9,6,3,9,4,2,2,2,0,0.21,0.1,0.31,0.14,0.24,Matches
368,Dan Ndoye,ch SUI,MF,Nottingham Forest,25-202,2000,24,14,1173,13.0,1,1,2,1,0,0,1,0,0.08,0.08,0.15,0.08,0.15,Matches
369,Dan Neil,eng ENG,MF,Sunderland,24-153,2001,3,0,14,0.2,0,0,0,0,0,0,0,0,0.0,0.0,0.0,0.0,0.0,Matches
370,Reiss Nelson,eng ENG,"FW,MF",Brentford,26-156,1999,9,0,124,1.4,0,1,1,0,0,0,0,0,0.0,0.73,0.73,0.0,0.73,Matches
371,Pedro Neto,pt POR,MF,Chelsea,26-067,2000,32,28,2479,27.5,5,4,9,5,0,0,4,1,0.18,0.15,0.33,0.18,0.33,Matches
372,Luca Netz,de GER,"MF,DF",Nottingham Forest,23-000,2003,5,2,246,2.7,0,0,0,0,0,0,0,0,0.0,0.0,0.0,0.0,0.0,Matches
373,Rio Ngumoha,eng ENG,MF,Liverpool,17-259,2008,17,3,398,4.4,2,1,3,2,0,0,0,0,0.45,0.23,0.68,0.45,0.68,Matches
374,Eddie Nketiah,eng ENG,MF,Crystal Palace,26-350,1999,12,2,424,4.7,2,0,2,2,0,0,2,0,0.42,0.0,0.42,0.42,0.42,Matches
375,Lukas Nmecha,de GER,FW,Leeds United,27-152,1998,29,9,962,10.7,6,1,7,4,2,3,0,0,0.56,0.09,0.65,0.37,0.47,Matches
376,Matheus Nunes,pt POR,DF,Manchester City,27-261,1998,33,31,2772,30.8,1,5,6,1,0,0,5,0,0.03,0.16,0.19,0.03,0.19,Matches
377,Ethan Nwaneri,eng ENG,MF,Arsenal,19-055,2007,6,0,171,1.9,0,0,0,0,0,0,0,0,0.0,0.0,0.0,0.0,0.0,Matches
378,Trey Nyoni,eng ENG,MF,Liverpool,18-319,2007,5,0,16,0.2,0,0,0,0,0,0,0,0,0.0,0.0,0.0,0.0,0.0,Matches
379,Christian Nørgaard,dk DEN,MF,Arsenal,32-066,1994,6,0,61,0.7,0,0,0,0,0,0,0,0,0.0,0.0,0.0,0.0,0.0,Matches
380,Jake O'Brien,ie IRL,DF,Everton,25-000,2001,35,33,2972,33.0,1,1,2,1,0,0,4,1,0.03,0.03,0.06,0.03,0.06,Matches
381,Luke O'Nien,eng ENG,DF,Sunderland,31-175,1994,10,4,411,4.6,0,0,0,0,0,0,1,1,0.0,0.0,0.0,0.0,0.0,Matches
382,Matt O'Riley,dk DEN,MF,Brighton,25-175,2000,6,2,204,2.3,1,0,1,0,1,1,0,0,0.44,0.0,0.44,0.0,0.0,Matches
383,Wilson Odobert,fr FRA,"MF,FW",Tottenham Hotspur,21-168,2004,24,10,985,10.9,0,2,2,0,0,0,0,0,0.0,0.18,0.18,0.0,0.18,Matches
384,Noah Okafor,ch SUI,"FW,MF",Leeds United,25-356,2000,28,19,1561,17.3,8,1,9,8,0,0,3,0,0.46,0.06,0.52,0.46,0.52,Matches
385,Callum Olusesi,eng ENG,MF,Tottenham Hotspur,19-118,2007,1,0,15,0.2,0,0,0,0,0,0,0,0,0.0,0.0,0.0,0.0,0.0,Matches
386,Amadou Onana,be BEL,MF,Aston Villa,24-272,2001,24,21,1740,19.3,2,0,2,2,0,0,3,0,0.1,0.0,0.1,0.1,0.1,Matches
387,Frank Onyeka,ng NGA,MF,Brentford,28-134,1998,6,0,92,1.0,0,1,1,0,0,0,0,0,0.0,0.98,0.98,0.0,0.98,Matches
388,Nehemiah Oriola,eng ENG,MF,Brighton,18-338,2007,1,0,1,0.0,0,0,0,0,0,0,0,0,0.0,0.0,0.0,0.0,0.0,Matches
389,Stefan Ortega,de GER,GK,Nottingham Forest,33-190,1992,3,3,270,3.0,0,0,0,0,0,0,0,0,0.0,0.0,0.0,0.0,0.0,Matches
390,William Osula,dk DEN,FW,Newcastle United,22-284,2003,22,6,670,7.4,5,0,5,5,0,0,0,0,0.67,0.0,0.67,0.67,0.67,Matches
391,Dango Ouattara,bf BFA,MF,Brentford,24-093,2002,30,23,2096,23.3,5,3,8,5,0,0,5,0,0.21,0.13,0.34,0.21,0.34,Matches
392,Nico O’Reilly,eng ENG,"DF,MF",Manchester City,21-055,2005,33,28,2556,28.4,5,3,8,5,0,0,5,0,0.18,0.11,0.28,0.18,0.28,Matches
393,Pablo,br BRA,"MF,FW",West Ham United,22-133,2004,12,9,750,8.3,0,1,1,0,0,0,0,0,0.0,0.12,0.12,0.0,0.12,Matches
394,João Palhinha,pt POR,MF,Tottenham Hotspur,30-310,1995,31,21,2041,22.7,4,2,6,4,0,0,7,0,0.18,0.09,0.26,0.18,0.26,Matches
395,Cole Palmer,eng ENG,MF,Chelsea,24-009,2002,24,22,1777,19.7,9,1,10,4,5,6,4,0,0.46,0.05,0.51,0.2,0.25,Matches
396,Lucas Paquetá,br BRA,"MF,FW",West Ham United,28-261,1997,18,18,1511,16.8,4,1,5,2,2,2,7,1,0.24,0.06,0.3,0.12,0.18,Matches
397,Nathan Patterson,sct SCO,DF,Everton,24-211,2001,7,3,241,2.7,0,0,0,0,0,0,0,0,0.0,0.0,0.0,0.0,0.0,Matches
398,Myles Peart-Harris,eng ENG,MF,Brentford,23-239,2002,1,0,1,0.0,0,0,0,0,0,0,0,0,0.0,0.0,0.0,0.0,0.0,Matches
399,Lucas Perri,br BRA,GK,Leeds United,28-156,1997,16,16,1440,16.0,0,0,0,0,0,0,2,0,0.0,0.0,0.0,0.0,0.0,Matches
400,Đorđe Petrović,rs SRB,GK,Bournemouth,26-219,1999,36,36,3240,36.0,0,0,0,0,0,0,3,0,0.0,0.0,0.0,0.0,0.0,Matches
401,Jordan Pickford,eng ENG,GK,Everton,32-069,1994,36,36,3240,36.0,0,0,0,0,0,0,4,0,0.0,0.0,0.0,0.0,0.0,Matches
402,Ethan Pinnock,jm JAM,DF,Brentford,32-351,1993,4,4,318,3.5,0,0,0,0,0,0,1,0,0.0,0.0,0.0,0.0,0.0,Matches
403,Yeremi Pino,es ESP,"MF,FW",Crystal Palace,23-207,2002,32,25,1990,22.1,2,1,3,2,0,0,4,0,0.09,0.05,0.14,0.09,0.14,Matches
404,Joël Piroe,sr SUR,FW,Leeds United,26-286,1999,14,2,228,2.5,0,0,0,0,0,0,0,0,0.0,0.0,0.0,0.0,0.0,Matches
405,Nick Pope,eng ENG,GK,Newcastle United,34-026,1992,25,25,2236,24.8,0,0,0,0,0,0,2,0,0.0,0.0,0.0,0.0,0.0,Matches
406,Pedro Porro,es ESP,DF,Tottenham Hotspur,26-244,1999,32,30,2616,29.1,1,2,3,1,0,0,9,0,0.03,0.07,0.1,0.03,0.1,Matches
407,Freddie Potts,eng ENG,MF,West Ham United,22-245,2003,22,12,1171,13.0,0,1,1,0,0,0,1,0,0.0,0.08,0.08,0.0,0.08,Matches
408,Aaron Ramsdale,eng ENG,GK,Newcastle United,28-001,1998,12,11,1004,11.2,0,0,0,0,0,0,2,0,0.0,0.0,0.0,0.0,0.0,Matches
409,Jacob Ramsey,eng ENG,MF,Newcastle United,24-352,2001,26,13,1270,14.1,2,2,4,2,0,0,5,1,0.14,0.14,0.28,0.14,0.28,Matches
410,David Raya,es ESP,GK,Arsenal,30-242,1995,36,36,3240,36.0,0,0,0,0,0,0,1,0,0.0,0.0,0.0,0.0,0.0,Matches
411,Rayan,br BRA,MF,Bournemouth,19-285,2006,13,11,956,10.6,5,2,7,5,0,0,1,0,0.47,0.19,0.66,0.47,0.66,Matches
412,Harrison Reed,eng ENG,MF,Fulham,31-108,1995,7,1,94,1.0,1,0,1,1,0,0,0,0,0.96,0.0,0.96,0.96,0.96,Matches
413,Tijjani Reijnders,nl NED,MF,Manchester City,27-290,1998,27,18,1555,17.3,5,2,7,5,0,0,2,0,0.29,0.12,0.41,0.29,0.41,Matches
414,Chadi Riad,ma MAR,DF,Crystal Palace,22-332,2003,7,4,389,4.3,0,1,1,0,0,0,2,0,0.0,0.23,0.23,0.0,0.23,Matches
415,Declan Rice,eng ENG,MF,Arsenal,27-121,1999,35,34,3004,33.4,4,5,9,4,0,0,3,0,0.12,0.15,0.27,0.12,0.27,Matches
416,Chris Richards,us USA,DF,Crystal Palace,26-048,2000,32,31,2797,31.1,1,0,1,1,0,0,3,0,0.03,0.0,0.03,0.03,0.03,Matches
417,Richarlison,br BRA,"FW,MF",Tottenham Hotspur,29-005,1997,30,18,1802,20.0,10,4,14,10,0,0,5,0,0.5,0.2,0.7,0.5,0.7,Matches
418,Chris Rigg,eng ENG,MF,Sunderland,18-331,2007,16,11,746,8.3,1,0,1,1,0,0,1,0,0.12,0.0,0.12,0.12,0.12,Matches
419,Patrick Roberts,eng ENG,"FW,MF",Sunderland,29-099,1997,1,0,28,0.3,0,0,0,0,0,0,0,0,0.0,0.0,0.0,0.0,0.0,Matches
420,Andrew Robertson,sct SCO,DF,Liverpool,32-065,1994,23,10,1094,12.2,1,0,1,1,0,0,0,0,0.08,0.0,0.08,0.08,0.08,Matches
421,Antonee Robinson,us USA,"DF,MF",Fulham,28-280,1997,20,15,1312,14.6,0,0,0,0,0,0,4,0,0.0,0.0,0.0,0.0,0.0,Matches
422,Kaden Rodney,eng ENG,"DF,MF",Crystal Palace,21-220,2004,1,0,4,0.0,0,0,0,0,0,0,0,0,0.0,0.0,0.0,0.0,0.0,Matches
423,Joe Rodon,wls WAL,DF,Leeds United,28-205,1997,33,31,2771,30.8,2,0,2,2,0,0,3,0,0.06,0.0,0.06,0.06,0.06,Matches
424,Rodri,es ESP,MF,Manchester City,29-327,1996,20,16,1421,15.8,1,0,1,1,0,0,2,0,0.06,0.0,0.06,0.06,0.06,Matches
425,Guido Rodríguez,ar ARG,MF,West Ham United,32-033,1994,6,2,180,2.0,0,0,0,0,0,0,1,0,0.0,0.0,0.0,0.0,0.0,Matches
426,Robin Roefs,nl NED,GK,Sunderland,23-118,2003,33,33,2970,33.0,0,0,0,0,0,0,4,0,0.0,0.0,0.0,0.0,0.0,Matches
427,Morgan Rogers,eng ENG,MF,Aston Villa,23-293,2002,36,36,3190,35.4,9,5,14,9,0,0,7,0,0.25,0.14,0.39,0.25,0.39,Matches
428,Merlin Röhl,de GER,MF,Everton,23-314,2002,14,4,534,5.9,0,0,0,0,0,0,0,0,0.0,0.0,0.0,0.0,0.0,Matches
429,Cristian Romero,ar ARG,DF,Tottenham Hotspur,28-018,1998,23,22,1868,20.8,4,1,5,4,0,0,11,2,0.19,0.05,0.24,0.19,0.24,Matches
430,James Rowswell,eng ENG,DF,Tottenham Hotspur,19-306,2006,1,0,1,0.0,0,0,0,0,0,0,0,0,0.0,0.0,0.0,0.0,0.0,Matches
431,Georginio Rutter,fr FRA,"MF,FW",Brighton,24-025,2002,30,20,1743,19.4,3,3,6,3,0,0,2,0,0.15,0.15,0.31,0.15,0.31,Matches
432,José Sá,pt POR,GK,Wolves,33-118,1993,21,21,1890,21.0,0,0,0,0,0,0,2,0,0.0,0.0,0.0,0.0,0.0,Matches
433,Noah Sadiki,cd COD,MF,Sunderland,21-149,2004,31,31,2723,30.3,0,1,1,0,0,0,8,0,0.0,0.03,0.03,0.0,0.03,Matches
434,Bukayo Saka,eng ENG,"FW,MF",Arsenal,24-252,2001,30,24,2132,23.7,7,4,11,6,1,1,2,0,0.3,0.17,0.46,0.25,0.42,Matches
435,Mohamed Salah,eg EGY,MF,Liverpool,33-334,1992,25,22,2056,22.8,7,6,13,6,1,1,1,0,0.31,0.26,0.57,0.26,0.53,Matches
436,William Saliba,fr FRA,DF,Arsenal,25-052,2001,30,29,2524,28.0,1,0,1,1,0,0,2,0,0.04,0.0,0.04,0.04,0.04,Matches
437,Robert Sánchez,es ESP,GK,Chelsea,28-178,1997,33,33,2859,31.8,0,1,1,0,0,0,3,1,0.0,0.03,0.03,0.0,0.03,Matches
438,Jadon Sancho,eng ENG,MF,Aston Villa,26-051,2000,22,9,875,9.7,0,2,2,0,0,0,0,0,0.0,0.21,0.21,0.0,0.21,Matches
439,Ibrahim Sangaré,ci CIV,MF,Nottingham Forest,28-164,1997,26,24,1990,22.1,2,2,4,2,0,0,5,0,0.09,0.09,0.18,0.09,0.18,Matches
440,Andrey Santos,br BRA,MF,Chelsea,22-012,2004,26,12,1170,13.0,0,0,0,0,0,0,4,0,0.0,0.0,0.0,0.0,0.0,Matches
441,Ismaila Sarr,sn SEN,MF,Crystal Palace,28-079,1998,26,22,2040,22.7,8,1,9,6,2,2,2,0,0.35,0.04,0.4,0.26,0.31,Matches
442,Mamadou Sarr,sn SEN,DF,Chelsea,20-259,2005,2,1,92,1.0,0,0,0,0,0,0,0,0,0.0,0.0,0.0,0.0,0.0,Matches
443,Sávio,br BRA,MF,Manchester City,22-035,2004,22,6,708,7.9,1,1,2,1,0,0,2,0,0.13,0.13,0.25,0.13,0.25,Matches
444,Nicolò Savona,it ITA,DF,Nottingham Forest,23-057,2003,14,11,1028,11.4,2,0,2,2,0,0,2,0,0.18,0.0,0.18,0.18,0.18,Matches
445,Oliver Scarles,eng ENG,"DF,MF",West Ham United,20-154,2005,13,9,659,7.3,0,0,0,0,0,0,2,0,0.0,0.0,0.0,0.0,0.0,Matches
446,Dane Scarlett,eng ENG,FW,Tottenham Hotspur,22-052,2004,2,0,9,0.1,0,0,0,0,0,0,0,0,0.0,0.0,0.0,0.0,0.0,Matches
447,Kevin Schade,de GER,"MF,FW",Brentford,24-169,2001,33,31,2627,29.2,7,3,10,7,0,1,6,1,0.24,0.1,0.34,0.24,0.34,Matches
448,Fabian Schär,ch SUI,DF,Newcastle United,34-146,1991,16,11,1091,12.1,0,0,0,0,0,0,1,0,0.0,0.0,0.0,0.0,0.0,Matches
449,Alex Scott,eng ENG,MF,Bournemouth,22-267,2003,36,33,2759,30.7,3,1,4,3,0,0,5,0,0.1,0.03,0.13,0.1,0.13,Matches
450,Jenson Seelt,nl NED,DF,Sunderland,22-357,2003,2,1,134,1.5,0,0,0,0,0,0,0,0,0.0,0.0,0.0,0.0,0.0,Matches
451,Matz Sels,be BEL,GK,Nottingham Forest,34-078,1992,29,28,2488,27.6,0,0,0,0,0,0,2,0,0.0,0.0,0.0,0.0,0.0,Matches
452,Antoine Semenyo,gh GHA,"MF,FW",Manchester City,26-128,2000,15,15,1285,14.3,6,1,7,6,0,0,1,0,0.42,0.07,0.49,0.42,0.49,Matches
453,Antoine Semenyo,gh GHA,MF,Bournemouth,26-128,2000,20,20,1798,20.0,10,3,13,9,1,2,6,0,0.5,0.15,0.65,0.45,0.6,Matches
454,Marcos Senesi,ar ARG,DF,Bournemouth,29-005,1997,35,35,3108,34.5,0,5,5,0,0,0,8,0,0.0,0.14,0.14,0.0,0.14,Matches
455,Benjamin Šeško,si SVN,FW,Manchester Utd,22-349,2003,30,17,1643,18.3,11,1,12,11,0,0,2,0,0.6,0.05,0.66,0.6,0.66,Matches
456,Ryan Sessegnon,eng ENG,"DF,MF",Fulham,25-362,2000,27,20,1823,20.3,3,1,4,3,0,0,0,0,0.15,0.05,0.2,0.15,0.2,Matches
457,Luke Shaw,eng ENG,DF,Manchester Utd,30-307,1995,36,36,3048,33.9,0,1,1,0,0,0,8,0,0.0,0.03,0.03,0.0,0.03,Matches
458,Bernardo Silva,pt POR,MF,Manchester City,31-278,1994,36,32,2759,30.7,2,4,6,2,0,0,10,0,0.07,0.13,0.2,0.07,0.2,Matches
459,Jota Silva,pt POR,FW,Nottingham Forest,26-287,1999,1,0,12,0.1,0,0,0,0,0,0,0,0,0.0,0.0,0.0,0.0,0.0,Matches
460,Xavi Simons,nl NED,"MF,FW",Tottenham Hotspur,23-024,2003,28,19,1755,19.5,2,5,7,2,0,0,5,1,0.1,0.26,0.36,0.1,0.36,Matches
461,Adam Smith,eng ENG,DF,Bournemouth,35-016,1991,20,12,899,10.0,0,2,2,0,0,0,3,0,0.0,0.2,0.2,0.0,0.2,Matches
462,Emile Smith Rowe,eng ENG,MF,Fulham,25-291,2000,35,20,1774,19.7,3,0,3,3,0,0,1,0,0.15,0.0,0.15,0.15,0.15,Matches
463,Dominic Solanke,eng ENG,FW,Tottenham Hotspur,28-243,1997,15,11,1001,11.1,3,0,3,3,0,0,1,0,0.27,0.0,0.27,0.27,0.27,Matches
464,Julio Soler,ar ARG,DF,Bournemouth,21-088,2005,3,0,35,0.4,0,0,0,0,0,0,0,0,0.0,0.0,0.0,0.0,0.0,Matches
465,Oliver Sonne,pe PER,DF,Burnley,25-186,2000,7,1,169,1.9,1,0,1,1,0,0,0,0,0.53,0.0,0.53,0.53,0.53,Matches
466,Borna Sosa,hr CRO,"DF,MF",Crystal Palace,28-114,1998,7,0,101,1.1,0,0,0,0,0,0,1,0,0.0,0.0,0.0,0.0,0.0,Matches
467,Tomáš Souček,cz CZE,MF,West Ham United,31-077,1995,33,22,2048,22.8,5,0,5,5,0,0,2,1,0.22,0.0,0.22,0.22,0.22,Matches
468,Souza,br BRA,MF,Tottenham Hotspur,19-333,2006,4,2,144,1.6,0,0,0,0,0,0,1,0,0.0,0.0,0.0,0.0,0.0,Matches
469,Djed Spence,eng ENG,"DF,MF",Tottenham Hotspur,25-279,2000,28,22,1943,21.6,0,0,0,0,0,0,4,0,0.0,0.0,0.0,0.0,0.0,Matches
470,Anton Stach,de GER,MF,Leeds United,27-181,1998,28,27,2297,25.5,5,3,8,5,0,0,3,0,0.2,0.12,0.31,0.2,0.31,Matches
471,John Stones,eng ENG,DF,Manchester City,31-352,1994,8,4,362,4.0,0,0,0,0,0,0,0,0,0.0,0.0,0.0,0.0,0.0,Matches
472,Jørgen Strand Larsen,no NOR,FW,Wolves,26-098,2000,22,14,1404,15.6,1,1,2,0,1,2,2,0,0.06,0.06,0.13,0.0,0.06,Matches
473,Jørgen Strand Larsen,no NOR,FW,Crystal Palace,26-098,2000,12,10,767,8.5,3,0,3,3,0,0,2,0,0.35,0.0,0.35,0.35,0.35,Matches
474,Pascal Struijk,nl NED,DF,Leeds United,26-277,1999,33,32,2846,31.6,0,1,1,0,0,0,5,0,0.0,0.03,0.03,0.0,0.03,Matches
475,Crysencio Summerville,nl NED,"MF,FW",West Ham United,24-197,2001,29,27,2290,25.4,5,1,6,5,0,0,6,0,0.2,0.04,0.24,0.2,0.24,Matches
476,Dominik Szoboszlai,hu HUN,"MF,DF",Liverpool,25-202,2000,34,34,3051,33.9,6,5,11,6,0,1,8,1,0.18,0.15,0.32,0.18,0.32,Matches
477,Jocelin Ta Bi,ci CIV,MF,Sunderland,21-095,2005,1,1,38,0.4,0,0,0,0,0,0,0,0,0.0,0.0,0.0,0.0,0.0,Matches
478,Chemsdine Talbi,ma MAR,"MF,FW",Sunderland,21-006,2005,27,16,1530,17.0,4,1,5,4,0,0,0,0,0.24,0.06,0.29,0.24,0.29,Matches
479,Ao Tanaka,jp JPN,MF,Leeds United,27-247,1998,26,12,1179,13.1,2,0,2,2,0,0,1,0,0.15,0.0,0.15,0.15,0.15,Matches
480,James Tarkowski,eng ENG,DF,Everton,33-177,1992,35,35,3150,35.0,2,3,5,2,0,0,7,0,0.06,0.09,0.14,0.06,0.14,Matches
481,Marcus Tavernier,eng ENG,MF,Bournemouth,27-054,1999,32,29,2552,28.4,6,4,10,4,2,2,6,0,0.21,0.14,0.35,0.14,0.28,Matches
482,Loum Tchaouna,fr FRA,"MF,FW",Burnley,22-249,2003,27,12,1117,12.4,2,0,2,2,0,0,2,0,0.16,0.0,0.16,0.16,0.16,Matches
483,Jackson Tchatchoua,cm CMR,"MF,DF",Wolves,24-243,2001,31,19,1845,20.5,0,1,1,0,0,0,3,0,0.0,0.05,0.05,0.0,0.05,Matches
484,Mathys Tel,fr FRA,"MF,FW",Tottenham Hotspur,21-018,2005,29,11,1187,13.2,4,1,5,4,0,0,1,0,0.3,0.08,0.38,0.3,0.38,Matches
485,Kenny Tete,nl NED,DF,Fulham,30-218,1995,22,21,1791,19.9,1,0,1,1,0,0,2,0,0.05,0.0,0.05,0.05,0.05,Matches
486,Igor Thiago,br BRA,FW,Brentford,24-323,2001,36,35,3102,34.5,22,1,23,14,8,9,7,0,0.64,0.03,0.67,0.41,0.44,Matches
487,Malick Thiaw,de GER,DF,Newcastle United,24-280,2001,33,31,2785,30.9,4,0,4,4,0,0,4,0,0.13,0.0,0.13,0.13,0.13,Matches
488,Youri Tielemans,be BEL,MF,Aston Villa,29-008,1997,23,20,1755,19.5,0,4,4,0,0,0,0,0,0.0,0.21,0.21,0.0,0.21,Matches
489,Jurriën Timber,nl NED,DF,Arsenal,24-332,2001,30,28,2454,27.3,3,5,8,3,0,0,5,0,0.11,0.18,0.29,0.11,0.29,Matches
490,Jean-Clair Todibo,fr FRA,DF,West Ham United,26-136,1999,22,21,1789,19.9,0,1,1,0,0,0,5,1,0.0,0.05,0.05,0.0,0.05,Matches
491,Sandro Tonali,it ITA,MF,Newcastle United,26-007,2000,34,30,2482,27.6,0,2,2,0,0,0,4,0,0.0,0.07,0.07,0.0,0.07,Matches
492,Pau Torres,es ESP,DF,Aston Villa,29-119,1997,19,17,1568,17.4,0,0,0,0,0,0,1,0,0.0,0.0,0.0,0.0,0.0,Matches
493,Alex Tóth,hu HUN,MF,Bournemouth,20-204,2005,8,1,84,0.9,0,0,0,0,0,0,1,0,0.0,0.0,0.0,0.0,0.0,Matches
494,James Trafford,eng ENG,GK,Manchester City,23-217,2002,3,3,270,3.0,0,0,0,0,0,0,0,0,0.0,0.0,0.0,0.0,0.0,Matches
495,Adama Traoré,es ESP,"FW,MF",West Ham United,30-110,1996,9,0,121,1.3,0,0,0,0,0,0,1,0,0.0,0.0,0.0,0.0,0.0,Matches
496,Adama Traoré,es ESP,MF,Fulham,30-110,1996,15,1,274,3.0,0,0,0,0,0,0,0,0,0.0,0.0,0.0,0.0,0.0,Matches
497,Bertrand Traoré,bf BFA,"MF,FW",Sunderland,30-251,1995,12,9,632,7.0,1,0,1,1,0,0,1,0,0.14,0.0,0.14,0.14,0.14,Matches
498,Mike Trésor,be BEL,"FW,MF",Burnley,26-352,1999,6,0,43,0.5,0,0,0,0,0,0,0,0,0.0,0.0,0.0,0.0,0.0,Matches
499,Kieran Trippier,eng ENG,DF,Newcastle United,35-238,1990,20,17,1502,16.7,0,1,1,0,0,0,3,0,0.0,0.06,0.06,0.0,0.06,Matches
500,Leandro Trossard,be BEL,"FW,MF",Arsenal,31-162,1994,30,20,1911,21.2,6,6,12,6,0,0,2,0,0.28,0.28,0.57,0.28,0.57,Matches
501,Adrien Truffert,fr FRA,DF,Bournemouth,24-176,2001,36,36,3199,35.5,1,3,4,1,0,0,4,0,0.03,0.08,0.11,0.03,0.11,Matches
502,Axel Tuanzebe,cd COD,DF,Burnley,28-182,1997,12,12,1021,11.3,1,0,1,1,0,0,1,0,0.09,0.0,0.09,0.09,0.09,Matches
503,Stefanos Tzimas,gr GRE,FW,Brighton,20-129,2006,9,1,139,1.5,1,1,2,1,0,0,0,0,0.65,0.65,1.29,0.65,1.29,Matches
504,Christantus Uche,ng NGA,FW,Crystal Palace,22-361,2003,14,0,173,1.9,0,0,0,0,0,0,0,0,0.0,0.0,0.0,0.0,0.0,Matches
505,Destiny Udogie,it ITA,"DF,MF",Tottenham Hotspur,23-168,2002,18,12,1182,13.1,0,1,1,0,0,0,3,0,0.0,0.08,0.08,0.0,0.08,Matches
506,Manuel Ugarte,uy URU,MF,Manchester Utd,25-034,2001,22,8,887,9.9,0,0,0,0,0,0,1,0,0.0,0.0,0.0,0.0,0.0,Matches
507,Lesley Ugochukwu,fr FRA,MF,Burnley,22-050,2004,33,25,2192,24.4,3,1,4,3,0,0,3,1,0.12,0.04,0.16,0.12,0.16,Matches
508,Enes Ünal,tr TUR,FW,Bournemouth,29-005,1997,21,0,212,2.4,1,0,1,1,0,0,1,0,0.42,0.0,0.42,0.42,0.42,Matches
509,Hákon Valdimarsson,is ISL,GK,Brentford,24-214,2001,1,1,90,1.0,0,0,0,0,0,0,0,0,0.0,0.0,0.0,0.0,0.0,Matches
510,Virgil van Dijk,nl NED,DF,Liverpool,34-311,1991,36,36,3240,36.0,4,0,4,4,0,0,4,0,0.11,0.0,0.11,0.11,0.11,Matches
511,Joël Veltman,nl NED,DF,Brighton,34-120,1992,23,8,993,11.0,1,0,1,1,0,0,5,0,0.09,0.0,0.09,0.09,0.09,Matches
512,Micky van de Ven,nl NED,DF,Tottenham Hotspur,25-026,2001,33,33,2861,31.8,4,1,5,4,0,0,8,1,0.13,0.03,0.16,0.13,0.16,Matches
513,Bart Verbruggen,nl NED,GK,Brighton,23-270,2002,36,36,3240,36.0,0,0,0,0,0,0,3,0,0.0,0.0,0.0,0.0,0.0,Matches
514,Guglielmo Vicario,it ITA,GK,Tottenham Hotspur,29-220,1996,31,31,2790,31.0,0,0,0,0,0,0,1,0,0.0,0.0,0.0,0.0,0.0,Matches
515,Kyle Walker,eng ENG,"DF,MF",Burnley,35-352,1990,34,33,2916,32.4,0,2,2,0,0,0,9,0,0.0,0.06,0.06,0.0,0.06,Matches
516,Kyle Walker-Peters,eng ENG,DF,West Ham United,29-032,1997,22,14,1293,14.4,1,0,1,1,0,0,2,0,0.07,0.0,0.07,0.07,0.07,Matches
517,Aaron Wan-Bissaka,cd COD,"DF,MF",West Ham United,28-170,1997,24,22,2019,22.4,0,2,2,0,0,0,4,0,0.0,0.09,0.09,0.0,0.09,Matches
518,James Ward-Prowse,eng ENG,MF,West Ham United,31-195,1994,5,5,413,4.6,0,0,0,0,0,0,0,0,0.0,0.0,0.0,0.0,0.0,Matches
519,James Ward-Prowse,eng ENG,MF,Burnley,31-195,1994,11,7,655,7.3,0,1,1,0,0,0,1,0,0.0,0.14,0.14,0.0,0.14,Matches
520,Ollie Watkins,eng ENG,FW,Aston Villa,30-136,1995,35,31,2659,29.5,12,2,14,12,0,0,3,0,0.41,0.07,0.47,0.41,0.47,Matches
521,Tom Watson,eng ENG,MF,Brighton,20-037,2006,6,0,62,0.7,0,0,0,0,0,0,1,0,0.0,0.0,0.0,0.0,0.0,Matches
522,Max Weiß,de GER,GK,Burnley,21-334,2004,1,1,90,1.0,0,0,0,0,0,0,0,0,0.0,0.0,0.0,0.0,0.0,Matches
523,Danny Welbeck,eng ENG,FW,Brighton,35-170,1990,35,24,2136,23.7,13,1,14,12,1,3,5,0,0.55,0.04,0.59,0.51,0.55,Matches
524,Adam Wharton,eng ENG,MF,Crystal Palace,22-098,2004,32,28,2446,27.2,0,5,5,0,0,0,6,1,0.0,0.18,0.18,0.0,0.18,Matches
525,Ben White,eng ENG,DF,Arsenal,28-219,1997,12,9,702,7.8,0,1,1,0,0,0,0,0,0.0,0.13,0.13,0.0,0.13,Matches
526,Mats Wieffer,nl NED,DF,Brighton,26-180,1999,25,22,1813,20.1,2,3,5,2,0,0,8,0,0.1,0.15,0.25,0.1,0.25,Matches
527,Neco Williams,wls WAL,DF,Nottingham Forest,25-032,2001,35,34,3024,33.6,2,3,5,2,0,0,6,1,0.06,0.09,0.15,0.06,0.15,Matches
528,Estêvão Willian,br BRA,MF,Chelsea,19-021,2007,22,12,848,9.4,2,2,4,2,0,0,4,0,0.21,0.21,0.42,0.21,0.42,Matches
529,Joe Willock,eng ENG,MF,Newcastle United,26-268,1999,22,9,855,9.5,0,1,1,0,0,0,3,0,0.0,0.11,0.11,0.0,0.11,Matches
530,Callum Wilson,eng ENG,"FW,MF",West Ham United,34-077,1992,30,10,1116,12.4,6,1,7,6,0,0,1,0,0.48,0.08,0.56,0.48,0.56,Matches
531,Harry Wilson,wls WAL,MF,Fulham,29-054,1997,34,32,2642,29.4,10,6,16,10,0,0,7,0,0.34,0.2,0.55,0.34,0.55,Matches
532,Ben Winterburn,eng ENG,MF,Bournemouth,21-253,2004,1,0,7,0.1,0,0,0,0,0,0,0,0,0.0,0.0,0.0,0.0,0.0,Matches
533,Florian Wirtz,de GER,MF,Liverpool,23-012,2003,31,27,2335,25.9,5,3,8,5,0,0,1,0,0.19,0.12,0.31,0.19,0.31,Matches
534,Yoane Wissa,cd COD,FW,Newcastle United,29-254,1996,17,4,500,5.6,1,0,1,1,0,0,2,0,0.18,0.0,0.18,0.18,0.18,Matches
535,Nick Woltemade,de GER,"FW,MF",Newcastle United,24-090,2002,31,22,1752,19.5,7,3,10,6,1,1,0,0,0.36,0.15,0.51,0.31,0.46,Matches
536,Chris Wood,nz NZL,FW,Nottingham Forest,34-159,1991,13,9,771,8.6,3,0,3,3,0,0,0,0,0.35,0.0,0.35,0.35,0.35,Matches
537,Freddie Woodman,eng ENG,GK,Liverpool,29-072,1997,3,2,213,2.4,0,0,0,0,0,0,0,0,0.0,0.0,0.0,0.0,0.0,Matches
538,Joe Worrall,eng ENG,DF,Burnley,29-125,1997,11,5,500,5.6,0,0,0,0,0,0,0,0,0.0,0.0,0.0,0.0,0.0,Matches
539,Granit Xhaka,ch SUI,MF,Sunderland,33-230,1992,32,30,2724,30.3,1,6,7,1,0,0,7,0,0.03,0.2,0.23,0.03,0.23,Matches
540,Yehor Yarmoliuk,ua UKR,MF,Brentford,22-075,2004,36,29,2571,28.6,1,2,3,1,0,0,7,0,0.04,0.07,0.11,0.04,0.11,Matches
541,Ryan Yates,eng ENG,MF,Nottingham Forest,28-175,1997,21,2,591,6.6,0,2,2,0,0,0,3,0,0.0,0.3,0.3,0.0,0.3,Matches
542,Leny Yoro,fr FRA,DF,Manchester Utd,20-183,2005,31,18,1723,19.1,0,0,0,0,0,0,1,0,0.0,0.0,0.0,0.0,0.0,Matches
543,Oleksandr Zinchenko,ua UKR,DF,Nottingham Forest,29-151,1996,5,4,353,3.9,0,0,0,0,0,0,0,0,0.0,0.0,0.0,0.0,0.0,Matches
544,Joshua Zirkzee,nl NED,"FW,MF",Manchester Utd,24-358,2001,22,5,598,6.6,2,1,3,2,0,0,3,0,0.3,0.15,0.45,0.3,0.45,Matches
545,Martín Zubimendi,es ESP,MF,Arsenal,27-102,1999,36,33,2901,32.2,5,1,6,5,0,0,4,0,0.16,0.03,0.19,0.16,0.19,Matches
546,Martin Ødegaard,no NOR,MF,Arsenal,27-149,1998,23,15,1280,14.2,1,6,7,1,0,0,0,0,0.07,0.42,0.49,0.07,0.49,Matches
